longitude,latitude,NDVI,NDBI,BSI,NDWI,LST,vegetation_fraction,heat_stress,vegetation_deficit,bare_soil_score,built_up_score,low_moisture_score,priority_score,priority_class,intervention_type,recommendation,sprayer_rank
85.80119197398571,20.24887990357393,0.1450285,0.21340002,0.1780276,-0.19261216,37.86072998000003,0.0,0.7809215844785746,1.0,0.6843399587180091,0.6951349447192582,0.2564297605724557,78.2083939680445,High,Mist Sprayer,High heat exposure walking path: Install mist sprayers for pedestrian cooling.,1
85.80137163704254,20.24852057746028,0.33706868,0.20035274,0.14956832,-0.3510131,37.58728838000002,0.0,0.6515763945028201,1.0,0.6321287890976798,0.6752450488683048,0.49772994466710374,75.75897360690388,High,Mist Sprayer,High heat exposure walking path: Install mist sprayers for pedestrian cooling.,2
85.80173096315619,20.248610408988693,0.015289068,0.23780484,0.23035713,-0.15866958,37.45398560000001,0.0,0.5885206143896388,1.0,0.7803432998771007,0.7323388161822194,0.20472330729858412,73.7313891646537,High,Mist Sprayer,High heat exposure walking path: Install mist sprayers for pedestrian cooling.,3
85.80119197398571,20.24896973510234,0.12449045,0.08822783,0.097114496,-0.14972748,37.86072998000003,0.0,0.7809215844785746,1.0,0.5358974191509032,0.5043164888774467,0.19110135293270258,73.42028723972226,High,Mist Sprayer,High heat exposure walking path: Install mist sprayers for pedestrian cooling.,4
85.80164113162778,20.24852057746028,0.06287425,0.20935412,0.19419643,-0.16699539,37.51892798000006,0.0,0.6192400970089017,1.0,0.7140031661390074,0.6889671818120952,0.2174064358566411,73.35098657903953,High,Mist Sprayer,High heat exposure walking path: Install mist sprayers for pedestrian cooling.,5
85.80128180551412,20.24852057746028,0.26171294,0.15760109,0.10379745,-0.28823888,37.58728838000002,0.0,0.6515763945028201,1.0,0.548157913613829,0.6100723948012187,0.40210279218683465,72.89141240917257,High,Mist Sprayer,High heat exposure walking path: Install mist sprayers for pedestrian cooling.,6
85.80119197398571,20.248251082875043,0.19988985,0.22455518,0.19936283,-0.24336663,37.20447014000001,0.0,0.47049312853676917,1.0,0.7234814026483805,0.7121404026078544,0.33374661838041,70.42588510571144,High,Mist Sprayer,High heat exposure walking path: Install mist sprayers for pedestrian cooling.,7
85.8010123109289,20.24852057746028,0.27744028,0.18899459,0.14001065,-0.21870172,37.35828104000001,0.0,0.543249797898126,1.0,0.6145943634359929,0.6579301433432064,0.2961733102694989,70.05744392461072,High,Mist Sprayer,High heat exposure walking path: Install mist sprayers for pedestrian cooling.,8
85.8010123109289,20.248610408988693,0.33244506,0.07106362,0.06985769,-0.31406045,37.35828104000001,0.0,0.543249797898126,1.0,0.48589229880441465,0.4781505485999411,0.44143809912764476,67.78176489628586,High,Mist Sprayer,High heat exposure walking path: Install mist sprayers for pedestrian cooling.,9
85.80191062621302,20.248610408988693,0.05934982,0.055067856,0.09429034,-0.08424906,37.45398560000001,0.0,0.5885206143896388,1.0,0.5307162449275823,0.45376584312750323,0.09135475546789784,66.0675680915569,High,Mist Sprayer,High heat exposure walking path: Install mist sprayers for pedestrian cooling.,10
85.8010123109289,20.248340914403457,0.26269165,0.20523268,0.1735263,-0.28013816,36.88659428000005,0.0,0.3201293451899777,1.0,0.6760819093994042,0.682684262126463,0.3897625546396384,65.4695771643514,High,Mist Sprayer,High heat exposure walking path: Install mist sprayers for pedestrian cooling.,11
85.8010123109289,20.248251082875043,0.25776604,0.1924464,0.16827564,-0.2932382,36.88659428000005,0.0,0.3201293451899777,1.0,0.666449090161578,0.6631922471224829,0.4097185098482833,65.32972427783066,High,Mist Sprayer,High heat exposure walking path: Install mist sprayers for pedestrian cooling.,12
85.80110214245731,20.248251082875043,0.25776604,0.1924464,0.16827564,-0.2932382,36.88659428000005,0.0,0.3201293451899777,1.0,0.666449090161578,0.6631922471224829,0.4097185098482833,65.32972427783066,High,Mist Sprayer,High heat exposure walking path: Install mist sprayers for pedestrian cooling.,13
85.8018207946846,20.248610408988693,0.07067193,0.009507058,0.053499296,-0.11271771,37.45398560000001,0.0,0.5885206143896388,1.0,0.45588131877083066,0.3843107898822041,0.13472249360080346,64.68417104808168,High,Mist Sprayer,High heat exposure walking path: Install mist sprayers for pedestrian cooling.,14
85.80092247940048,20.248610408988693,0.40679663,-0.09939467,-0.029047966,-0.44100335,37.35828104000001,0.0,0.543249797898126,1.0,0.30444076588348545,0.21829580224425527,0.634816655716441,64.39523000480303,High,Mist Sprayer,High heat exposure walking path: Install mist sprayers for pedestrian cooling.,15
85.8010123109289,20.24843074593187,0.25263157,0.19823788,0.15659635,-0.24257027,36.88659428000005,0.0,0.3201293451899777,1.0,0.6450223572563529,0.6720210554275765,0.33253348281059814,64.32476109692637,High,Mist Sprayer,High heat exposure walking path: Install mist sprayers for pedestrian cooling.,16
85.80137163704254,20.248161251346637,0.31668282,0.113903426,0.11944286,-0.34539145,36.88659428000005,0.0,0.3201293451899777,1.0,0.5768608588496044,0.5434575918775475,0.48916620015955414,63.58303115881441,High,Mist Sprayer,High heat exposure walking path: Install mist sprayers for pedestrian cooling.,17
85.80092247940048,20.24852057746028,0.3016838,-0.09244356,-0.02398358,-0.3255537,37.35828104000001,0.0,0.543249797898126,1.0,0.3137318483166609,0.2288924058235853,0.45894634965220493,62.881859216451595,High,Mist Sprayer,High heat exposure walking path: Install mist sprayers for pedestrian cooling.,18
85.80083264787207,20.247981588289807,0.3700165,0.09332751,0.10023828,-0.3543974,36.83532398,0.0,0.29587712206950184,1.0,0.5416282885292314,0.5120906842709072,0.5028854204681407,62.15049903741401,High,Mist Sprayer,High heat exposure walking path: Install mist sprayers for pedestrian cooling.,19
85.80056315328683,20.2478917567614,0.24866918,0.080455504,0.103378735,-0.29359245,36.89343031999999,0.0,0.323362974939346,1.0,0.5473897423920843,0.4924679844642926,0.4102581568365874,61.938996797070445,High,Mist Sprayer,High heat exposure walking path: Install mist sprayers for pedestrian cooling.,20
85.80092247940048,20.248161251346637,0.17519791,0.16309659,0.15755467,-0.24971943,36.74645545999999,0.0,0.25383993532738097,1.0,0.6467804835360955,0.6184499970791583,0.34342416075810334,61.93564689123547,High,Mist Sprayer,High heat exposure walking path: Install mist sprayers for pedestrian cooling.,21
85.80209028926984,20.24618495772157,0.29634005,0.11344365,0.09737461,-0.30831102,36.83190596000003,0.0,0.2942603071948194,1.0,0.5363746222345589,0.5427566874166355,0.4326797008666289,61.627792432195605,High,Mist Sprayer,High heat exposure walking path: Install mist sprayers for pedestrian cooling.,22
85.80155130009936,20.248161251346637,0.1951029,0.114798374,0.12968151,-0.2569863,36.81139784000004,0.0,0.28455941794664386,1.0,0.5956446050242507,0.5448218932884178,0.35449415231744563,61.4646120698217,High,Mist Sprayer,High heat exposure walking path: Install mist sprayers for pedestrian cooling.,23
85.80200045774143,20.24609512619316,0.2507536,0.05094614,0.089993,-0.3209841,36.83190596000003,0.0,0.2942603071948194,1.0,0.5228323790091112,0.44748250269430884,0.4519852462569921,60.664972390494256,High,Mist Sprayer,High heat exposure walking path: Install mist sprayers for pedestrian cooling.,24
85.80056315328683,20.24807141981822,0.3171787,0.07994562,0.09131358,-0.35529828,36.753291500000046,0.0,0.2570735650767997,1.0,0.5252551046148614,0.49169069297855245,0.5042577766539511,60.550518217851945,High,Mist Sprayer,High heat exposure walking path: Install mist sprayers for pedestrian cooling.,25
85.80065298481524,20.248700240517103,0.38179597,0.00022099822,0.028418906,-0.36306116,36.95153665999999,0.0,0.35084882780919013,1.0,0.40986903397536106,0.3701546775055303,0.5160833653979615,60.53588077294103,High,Mist Sprayer,High heat exposure walking path: Install mist sprayers for pedestrian cooling.,26
85.80074281634366,20.248700240517103,0.3841497,-0.021319825,0.017149424,-0.39335182,36.95153665999999,0.0,0.35084882780919013,1.0,0.38919413158024607,0.33731681931672786,0.5622266637543247,60.35881163868992,High,Mist Sprayer,High heat exposure walking path: Install mist sprayers for pedestrian cooling.,27
85.80092247940048,20.248340914403457,0.27056128,0.00662724,0.05576206,-0.31390664,36.88659428000005,0.0,0.3201293451899777,1.0,0.46003256767856043,0.3799206579857704,0.44120379255524955,59.71561337628793,Moderate,Mist Sprayer,High heat exposure walking path: Install mist sprayers for pedestrian cooling.,28
85.80047332175842,20.24843074593187,0.11862115,0.18332101,0.14986801,-0.16181116,36.65075090000005,0.0,0.20856911883589513,1.0,0.632678597997396,0.6492810674207113,0.2095090354157788,59.3351535634027,Moderate,Mist Sprayer,High heat exposure walking path: Install mist sprayers for pedestrian cooling.,29
85.80074281634366,20.247801925232984,0.13793868,0.01565481,0.08579496,-0.20579985,36.900266360000046,0.0,0.3265966046887647,1.0,0.5151306880839391,0.39368271621455003,0.27651923747065554,59.226877998774086,Moderate,Mist Sprayer,High heat exposure walking path: Install mist sprayers for pedestrian cooling.,30
85.80092247940048,20.248251082875043,0.17913428,0.028174154,0.065766886,-0.20837125,36.88659428000005,0.0,0.3201293451899777,1.0,0.4783873421952693,0.41276780125007145,0.2804363814811708,58.71173231594078,Moderate,Mist Sprayer,High heat exposure walking path: Install mist sprayers for pedestrian cooling.,31
85.80056315328683,20.247981588289807,0.40912312,-0.0148084825,0.03419019,-0.43110895,36.753291500000046,0.0,0.2570735650767997,1.0,0.42045698587896135,0.3472430203467423,0.6197440144713442,58.68893208866927,Moderate,Mist Sprayer,High heat exposure walking path: Install mist sprayers for pedestrian cooling.,32
85.80200045774143,20.24591546313633,0.11143187,0.1675676,0.1698634,-0.13770686,36.58922654000003,0.0,0.1794664510913416,1.0,0.6693619820786039,0.6252658179436273,0.1727897329452719,58.404978772808306,Moderate,Mist Sprayer,High heat exposure walking path: Install mist sprayers for pedestrian cooling.,33
85.80074281634366,20.2478917567614,0.24446495,-0.036695506,0.035085518,-0.28568023,36.900266360000046,0.0,0.3265966046887647,1.0,0.422099547534556,0.3138773979409712,0.3982050708978463,58.25021604206946,Moderate,Mist Sprayer,High heat exposure walking path: Install mist sprayers for pedestrian cooling.,34
85.80200045774143,20.246005294664744,0.117583014,0.13612457,0.13950422,-0.17080125,36.58922654000003,0.0,0.1794664510913416,1.0,0.6136652709701672,0.577332563507576,0.2232040953821367,57.59433918618988,Moderate,Mist Sprayer,High heat exposure walking path: Install mist sprayers for pedestrian cooling.,35
85.80092247940048,20.24843074593187,0.2825727,-0.07961785,-0.0103385905,-0.3238955,36.88659428000005,0.0,0.3201293451899777,1.0,0.3387648379513991,0.2484445297999644,0.45642032950822253,56.73400151805219,Moderate,Mist Sprayer,High heat exposure walking path: Install mist sprayers for pedestrian cooling.,36
85.80110214245731,20.24699344147728,0.20066428,0.10759101,0.116028056,-0.26693928,36.44908772000002,0.0,0.11317704122876841,1.0,0.570596086484872,0.533834643890849,0.3696560314470161,55.98915928751479,Moderate,Mist Sprayer,High heat exposure walking path: Install mist sprayers for pedestrian cooling.,37
85.80047332175842,20.248700240517103,0.24010257,-0.039388902,0.028905263,-0.28512397,36.536247230000015,0.0,0.15440582053353463,1.0,0.41076130067441446,0.3097714566317194,0.39735769183302205,52.864885610769676,Moderate,Mist Sprayer,High heat exposure walking path: Install mist sprayers for pedestrian cooling.,38
85.80146146857095,20.24852057746028,0.34333628,0.19697501,0.16259325,-0.3976125,37.51892798000006,1.0,0.6192400970089017,0.0,0.6560242224861181,0.6700958761738705,0.5687171736488266,40.805696745785795,Moderate,Mist Sprayer,High heat exposure walking path: Install mist sprayers for pedestrian cooling.,39
85.80119197398571,20.248610408988693,0.42770883,0.03623189,0.040755466,-0.40880504,37.58728838000002,1.0,0.6515763945028201,0.0,0.43250158921538717,0.4250513982783009,0.5857673373819883,36.143003029918304,Low,Mist Sprayer,High heat exposure walking path: Install mist sprayers for pedestrian cooling.,40
85.80155130009936,20.24852057746028,0.22675192,0.08232011,0.11569362,-0.26414055,37.51892798000006,1.0,0.6192400970089017,0.0,0.5699825328488298,0.49531047877291956,0.3653925841200544,35.733971531929235,Low,Mist Sprayer,High heat exposure walking path: Install mist sprayers for pedestrian cooling.,41
85.80110214245731,20.248610408988693,0.42770883,0.03623189,0.040755466,-0.40880504,37.35828104000001,1.0,0.543249797898126,0.0,0.43250158921538717,0.4250513982783009,0.5857673373819883,32.89320513177748,Low,Mist Sprayer,High heat exposure walking path: Install mist sprayers for pedestrian cooling.,42
85.80146146857095,20.248161251346637,0.27015194,0.16108182,0.14454977,-0.3061441,36.81139784000004,1.0,0.28455941794664386,0.0,0.6229217970269703,0.6153785856076771,0.42937872175047975,28.328182567385436,Low,Mist Sprayer,High heat exposure walking path: Install mist sprayers for pedestrian cooling.,43
85.80083264787207,20.24807141981822,0.49385077,0.060178813,0.067358896,-0.4441215,36.83532398,1.0,0.29587712206950184,0.0,0.4813080311286246,0.4615572297175588,0.6395666917265475,27.107173343455482,Low,Mist Sprayer,High heat exposure walking path: Install mist sprayers for pedestrian cooling.,44
85.80083264787207,20.248700240517103,0.54009557,-0.09227871,-0.041544758,-0.5072765,36.95153665999999,1.0,0.35084882780919013,0.0,0.2815142502856918,0.22914371102520814,0.7357739056894034,24.397354755707195,Low,Mist Sprayer,High heat exposure walking path: Install mist sprayers for pedestrian cooling.,45
85.80047332175842,20.24852057746028,0.26837972,0.14874253,0.13929108,-0.26973918,36.536247230000015,1.0,0.15440582053353463,0.0,0.6132742460147615,0.5965679834764505,0.3739212610943061,23.536180751935028,Low,Mist Sprayer,High heat exposure walking path: Install mist sprayers for pedestrian cooling.,46
85.80200045774143,20.24618495772157,0.3272311,-0.016157303,0.032309957,-0.34432143,36.83190596000003,1.0,0.2942603071948194,0.0,0.41700752531324287,0.34518681405189533,0.487536184434995,23.410152080412132,Low,Mist Sprayer,High heat exposure walking path: Install mist sprayers for pedestrian cooling.,47
85.80155130009936,20.246813778420453,0.43390143,-0.0053286147,0.046890173,-0.43423176,36.50719406000002,1.0,0.14066289409861255,0.0,0.4437562740755812,0.36169458291172185,0.62450114929575,20.73818825616681,Low,Mist Sprayer,High heat exposure walking path: Install mist sprayers for pedestrian cooling.,48
85.80155130009936,20.246723946892043,0.3600186,0.0138373105,0.0550536,-0.39775172,36.50719406000002,1.0,0.14066289409861255,0.0,0.45873283257531045,0.39091203330101093,0.5689292545343922,20.699292189942064,Low,Mist Sprayer,High heat exposure walking path: Install mist sprayers for pedestrian cooling.,49
85.80047332175842,20.248610408988693,0.2833281,-0.0059288805,0.049142085,-0.29971275,36.536247230000015,1.0,0.15440582053353463,0.0,0.44788761399008553,0.36077950909979406,0.4195815201746741,19.154099118602005,Very Low,Mist Sprayer,High heat exposure walking path: Install mist sprayers for pedestrian cooling.,50
