longitude,latitude,NDVI,NDBI,BSI,NDWI,LST,vegetation_fraction,heat_stress,vegetation_deficit,bare_soil_score,built_up_score,low_moisture_score,priority_score,priority_class,intervention_type,recommendation,planting_rank
85.8010123109289,20.24968838732964,0.34365535,0.18464051,0.16471295,-0.3504736,38.19227792000001,0.0,0.9377526273241599,1.0,0.6599130073128675,0.6512925761470767,0.49690809696014526,84.51328066049003,Very High,Tree Planting,Very high priority for tree planting or vegetation canopy implementation.,1
85.80137163704254,20.249598555801224,0.2760807,0.10182559,0.12760824,-0.33655298,38.28285545000003,0.0,0.9805982215036355,1.0,0.5918410003076612,0.5250455626925453,0.4757021106275412,83.30303838292485,Very High,Tree Planting,Very high priority for tree planting or vegetation canopy implementation.,2
85.80155130009936,20.24950872427281,0.10536277,0.2604474,0.2538078,-0.23163444,37.96839761000001,0.0,0.8318512530315164,1.0,0.8233657132719712,0.7668562144597887,0.3158743784376836,83.13332921899979,Very High,Tree Planting,Very high priority for tree planting or vegetation canopy implementation.,3
85.80092247940048,20.24968838732964,0.1164006,0.20257099,0.19529663,-0.18593897,38.19227792000001,0.0,0.9377526273241599,1.0,0.7160215843427106,0.6786266549556562,0.24626415186143058,83.12181065303632,Very High,Tree Planting,Very high priority for tree planting or vegetation canopy implementation.,4
85.80155130009936,20.249329061215988,0.114587724,0.33079466,0.25038353,-0.12505335,37.96839761000001,0.0,0.8318512530315164,1.0,0.817083574658633,0.8740969324331856,0.15351399952826406,82.48790053043949,Very High,Tree Planting,Very high priority for tree planting or vegetation canopy implementation.,5
85.80119197398571,20.24950872427281,0.14581674,0.11598361,0.131548,-0.21452701,38.32387169000003,0.0,1.0,1.0,0.5990688527910475,0.5466287235701931,0.28981376283536264,82.35045765592126,Very High,Tree Planting,Very high priority for tree planting or vegetation canopy implementation.,6
85.80155130009936,20.2494188927444,0.1541298,0.2522695,0.21725087,-0.2445328,37.96839761000001,0.0,0.8318512530315164,1.0,0.7562986591149965,0.7543894336993917,0.3355231042755419,82.19914285741979,Very High,Tree Planting,Very high priority for tree planting or vegetation canopy implementation.,7
85.80128180551412,20.249329061215988,0.073403254,0.16157855,0.14691226,-0.10140204,38.32387169000003,0.0,1.0,1.0,0.6272560024642242,0.6161358245085089,0.11748475969496752,81.74504587899813,Very High,Tree Planting,Very high priority for tree planting or vegetation canopy implementation.,8
85.80119197398571,20.249329061215988,0.073403254,0.16157855,0.14691226,-0.10140204,38.32387169000003,0.0,1.0,1.0,0.6272560024642242,0.6161358245085089,0.11748475969496752,81.74504587899813,Very High,Tree Planting,Very high priority for tree planting or vegetation canopy implementation.,9
85.8010123109289,20.249598555801224,0.21396054,0.13904434,0.13019788,-0.2642225,38.19227792000001,0.0,0.9377526273241599,1.0,0.5965919333353269,0.5817836001381027,0.36551742271057397,81.55446804824147,Very High,Tree Planting,Very high priority for tree planting or vegetation canopy implementation.,10
85.80092247940048,20.249778218858047,0.14508928,0.17124392,0.15072049,-0.18853171,38.19227792000001,0.0,0.9377526273241599,1.0,0.6342425510516524,0.6308701754736855,0.2502138041760542,81.45705688199698,Very High,Tree Planting,Very high priority for tree planting or vegetation canopy implementation.,11
85.80137163704254,20.249329061215988,0.09149942,0.12803583,0.12749174,-0.14489165,38.32387169000003,0.0,1.0,1.0,0.5916272703306283,0.5650017025031797,0.18373468787850267,81.36177295877623,Very High,Tree Planting,Very high priority for tree planting or vegetation canopy implementation.,12
85.80137163704254,20.249059566630752,0.041036703,0.21727835,0.16996667,-0.07685434,38.20595000000003,0.0,0.944219886822957,1.0,0.6695514404024508,0.7010472559270831,0.08009000352053963,81.18124080520171,Very High,Tree Planting,Very high priority for tree planting or vegetation canopy implementation.,13
85.8010123109289,20.249778218858047,0.34963462,0.094133176,0.08417957,-0.35153392,38.19227792000001,0.0,0.9377526273241599,1.0,0.5121671063878112,0.5133188799431587,0.49852333618283695,80.93350757680192,Very High,Tree Planting,Very high priority for tree planting or vegetation canopy implementation.,14
85.80092247940048,20.249598555801224,0.17049646,0.123805486,0.13480663,-0.20926143,38.19227792000001,0.0,0.9377526273241599,1.0,0.605047109572663,0.5585527643663645,0.28179243781440566,80.61173748512243,Very High,Tree Planting,Very high priority for tree planting or vegetation canopy implementation.,15
85.80137163704254,20.249149398159165,0.13151601,0.1776156,0.15209211,-0.10354476,38.20595000000003,0.0,0.944219886822957,1.0,0.63675891423704,0.6405834683282577,0.12074887372398335,80.49130373876672,Very High,Tree Planting,Very high priority for tree planting or vegetation canopy implementation.,16
85.80110214245731,20.249329061215988,0.109699,0.17029254,0.15006264,-0.13203683,38.16664277000004,0.0,0.9256265157639472,1.0,0.6330356646534465,0.6294198464307984,0.16415228873047005,80.2000517943328,Very High,Tree Planting,Very high priority for tree planting or vegetation canopy implementation.,17
85.80119197398571,20.2494188927444,0.08151897,0.045576416,0.10214912,-0.16118509,38.32387169000003,0.0,1.0,1.0,0.5451339004546669,0.43929663934897056,0.20855531123803006,79.65552801269,High,Tree Planting,High priority for tree planting or additional vegetation.,18
85.80092247940048,20.249329061215988,0.09170581,0.13599208,0.14547957,-0.13430893,38.16664277000004,0.0,0.9256265157639472,1.0,0.6246276007406616,0.5771305894331872,0.16761349387408497,79.58565031710104,High,Tree Planting,High priority for tree planting or additional vegetation.,19
85.80110214245731,20.24968838732964,0.5253968,-0.035932466,0.019072002,-0.5035202,38.19227792000001,0.0,0.9377526273241599,1.0,0.3927212779474878,0.31504061250600784,0.7300517434249955,79.47432154824713,High,Tree Planting,High priority for tree planting or additional vegetation.,20
85.80110214245731,20.250047713443283,0.13819692,0.15962341,0.17339057,-0.22658996,37.97523365000001,0.0,0.8350848827809083,1.0,0.6758329002167205,0.6131553158527558,0.3081898662582624,79.40349180778823,High,Tree Planting,High priority for tree planting or additional vegetation.,21
85.80128180551412,20.24887990357393,0.1353856,0.23845471,0.19492269,-0.20477694,37.86072998000003,0.0,0.7809215844785746,1.0,0.7153355569812375,0.7333295090022295,0.27496098679794967,79.24058584707758,High,Tree Planting,High priority for tree planting or additional vegetation.,22
85.80092247940048,20.24950872427281,0.19254343,0.06243727,0.10379945,-0.25808188,38.16664277000004,0.0,0.9256265157639472,1.0,0.5481615827979841,0.46500012927316403,0.3561631048861009,79.20285155648082,High,Tree Planting,High priority for tree planting or additional vegetation.,23
85.80155130009936,20.24923922968757,0.10034603,0.3252501,0.21578638,-0.064562395,37.86072998000003,0.0,0.7809215844785746,1.0,0.7536119173633683,0.8656445407515965,0.061365060402264526,79.00192230634636,High,Tree Planting,High priority for tree planting or additional vegetation.,24
85.80110214245731,20.250407039556933,0.074405655,0.25513697,0.24992947,-0.20124266,37.67615690000002,0.0,0.6936135812449377,1.0,0.8162505597799077,0.7587607417157549,0.2695770388577289,78.33554363978158,High,Tree Planting,High priority for tree planting or additional vegetation.,25
85.80074281634366,20.24968838732964,0.121030554,0.20433767,0.17282772,-0.16391914,37.918836320000025,0.0,0.8084074373484188,1.0,0.6748003000658803,0.681319866199836,0.21272022824119918,78.31462856585112,High,Tree Planting,High priority for tree planting or additional vegetation.,26
85.80137163704254,20.24923922968757,0.12009608,0.09537668,0.10701547,-0.11875248,38.20595000000003,0.0,0.944219886822957,1.0,0.5540616676111758,0.515214536742909,0.1439155647528363,78.2288226338138,High,Tree Planting,High priority for tree planting or additional vegetation.,27
85.80065298481524,20.249778218858047,0.16157208,0.18481848,0.16151945,-0.19778319,37.918836320000025,0.0,0.8084074373484188,1.0,0.6540542375132619,0.6515638821023865,0.2643070527839725,78.22174603201508,High,Tree Planting,High priority for tree planting or additional vegetation.,28
85.80137163704254,20.24887990357393,0.16864605,0.22151902,0.17381561,-0.19293384,37.86072998000003,0.0,0.7809215844785746,1.0,0.6766126752333556,0.7075119355107405,0.2569197920282007,78.22115493824697,High,Tree Planting,High priority for tree planting or additional vegetation.,29
85.80074281634366,20.249778218858047,0.12686354,0.17145813,0.16286473,-0.18978317,37.918836320000025,0.0,0.8084074373484188,1.0,0.6565222775433271,0.6311967274132646,0.2521202166530704,77.93322672426581,High,Tree Planting,High priority for tree planting or additional vegetation.,30
85.80146146857095,20.249059566630752,0.079601966,0.26664415,0.1943674,-0.08391605,37.86072998000003,0.0,0.7809215844785746,1.0,0.7143168263465034,0.7763028356800274,0.09084746444863145,77.81390293084137,High,Tree Planting,High priority for tree planting or additional vegetation.,31
85.80110214245731,20.250137544971697,0.1029149,0.17636609,0.18861721,-0.17564997,37.86756602,0.0,0.7841552142279531,1.0,0.7037675733281867,0.638678655695684,0.23059039642696255,77.77386054798787,High,Tree Planting,High priority for tree planting or additional vegetation.,32
85.80110214245731,20.25031720802852,0.120460056,0.16527618,0.16743782,-0.2201714,37.86756602,0.0,0.7841552142279531,1.0,0.6649120322271782,0.6217726680188314,0.2984121483380118,77.70018507381471,High,Tree Planting,High priority for tree planting or additional vegetation.,33
85.8010123109289,20.249059566630752,0.07375453,0.15745793,0.15347591,-0.111815564,38.01624989000001,0.0,0.8544866612772728,1.0,0.6392976227539319,0.6098541548699823,0.1333482088529968,77.65608781685694,High,Tree Planting,High priority for tree planting or additional vegetation.,34
85.80110214245731,20.250227376500103,0.13923307,0.14462899,0.17103547,-0.22954474,37.86756602,0.0,0.7841552142279531,1.0,0.6715122524149194,0.5902971069275659,0.3126910324632053,77.6272216069701,High,Tree Planting,High priority for tree planting or additional vegetation.,35
85.80110214245731,20.24995788191487,0.30886534,0.043264717,0.07856298,-0.36569577,37.97523365000001,0.0,0.8350848827809083,1.0,0.501862954871053,0.43577257514947815,0.5200968004067285,77.13918456205509,High,Tree Planting,High priority for tree planting or additional vegetation.,36
85.8010123109289,20.250137544971697,0.09985528,0.15131213,0.17261764,-0.18349339,37.86756602,0.0,0.7841552142279531,1.0,0.6744148889622319,0.6004852042595263,0.24253867583699418,77.07111856223729,High,Tree Planting,High priority for tree planting or additional vegetation.,37
85.80164113162778,20.24950872427281,0.09144981,0.15111794,0.14765418,-0.123182856,37.96839761000001,0.0,0.8318512530315164,1.0,0.6286171230183882,0.600189171762692,0.15066458116908044,76.89333196553905,High,Tree Planting,High priority for tree planting or additional vegetation.,38
85.80056315328683,20.249778218858047,0.10546087,0.13556258,0.15516996,-0.1703885,37.918836320000025,0.0,0.8084074373484188,1.0,0.6424055134628788,0.576475839150524,0.22257533237741545,76.87881753767513,High,Tree Planting,High priority for tree planting or additional vegetation.,39
85.80047332175842,20.24968838732964,0.20229372,0.12273361,0.113912515,-0.25548902,37.918836320000025,0.0,0.8084074373484188,1.0,0.5667149317265732,0.556918745474677,0.3522132697693924,76.84426724879185,High,Tree Planting,High priority for tree planting or additional vegetation.,40
85.8010123109289,20.2494188927444,0.061570045,0.051352605,0.097005986,-0.119588755,38.16664277000004,0.0,0.9256265157639472,1.0,0.5356983475645699,0.44810213732444304,0.14518950486615723,76.73718710829296,High,Tree Planting,High priority for tree planting or additional vegetation.,41
85.80083264787207,20.24968838732964,0.071446456,0.13986717,0.15426318,-0.15109076,37.918836320000025,0.0,0.8084074373484188,1.0,0.6407419420588123,0.5830379614304977,0.19317810648588574,76.6255129304986,High,Tree Planting,High priority for tree planting or additional vegetation.,42
85.80110214245731,20.249778218858047,0.5684476,-0.1207603,-0.06368688,-0.5485624,38.19227792000001,0.0,0.9377526273241599,1.0,0.24089248868469473,0.18572501695490717,0.7986668106842425,76.58988442638672,High,Tree Planting,High priority for tree planting or additional vegetation.,43
85.8010123109289,20.24950872427281,0.09552983,0.04584981,0.074962355,-0.13600002,38.16664277000004,0.0,0.9256265157639472,1.0,0.49525727677188114,0.4397134142006082,0.17018961702285307,76.29668493673124,High,Tree Planting,High priority for tree planting or additional vegetation.,44
85.80092247940048,20.2494188927444,0.1278309,0.011468931,0.06875499,-0.18071654,38.16664277000004,0.0,0.9256265157639472,1.0,0.4838692941205177,0.38730156264425086,0.23830855942352325,76.2829361054039,High,Tree Planting,High priority for tree planting or additional vegetation.,45
85.80146146857095,20.249329061215988,0.09297298,0.083824195,0.12244898,-0.19538872,37.96839761000001,0.0,0.8318512530315164,1.0,0.5823758627857217,0.49760337767606116,0.2606594352142212,76.27380366163415,High,Tree Planting,High priority for tree planting or additional vegetation.,46
85.80146146857095,20.24887990357393,0.12179257,0.27033383,0.21156822,-0.15562177,37.61463254,0.0,0.6645109135003875,1.0,0.7458733144455963,0.7819275598312181,0.20008042377727742,75.94350695778051,High,Tree Planting,High priority for tree planting or additional vegetation.,47
85.8010123109289,20.24986805038646,0.31474862,0.065537654,0.037456144,-0.3235788,37.97523365000001,0.0,0.8350848827809083,1.0,0.4264486792129527,0.4697265024986917,0.4559378843390034,75.70592053999849,High,Tree Planting,High priority for tree planting or additional vegetation.,48
85.80092247940048,20.249059566630752,0.07742097,0.10095552,0.10557327,-0.121824756,38.01624989000001,0.0,0.8544866612772728,1.0,0.5514158189169559,0.5237191864912958,0.1485957185725646,75.62898617271114,High,Tree Planting,High priority for tree planting or additional vegetation.,49
85.80155130009936,20.24887990357393,0.15349165,0.24971178,0.2016005,-0.17008269,37.61463254,0.0,0.6645109135003875,1.0,0.7275866143025165,0.7504903233548679,0.2221094764974063,75.57512461807211,High,Tree Planting,High priority for tree planting or additional vegetation.,50
85.80074281634366,20.250137544971697,0.10325938,0.16275205,0.16210197,-0.19136348,37.758189380000005,0.0,0.7324171382376566,1.0,0.6551229240902672,0.6179247638721995,0.2545275830104078,75.52388147730977,High,Tree Planting,High priority for tree planting or additional vegetation.,51
85.80083264787207,20.249598555801224,0.10669847,0.09738715,0.118222676,-0.17979115,37.918836320000025,0.0,0.8084074373484188,1.0,0.5746223189500704,0.5182793930893249,0.23689886591186005,75.42334049471546,High,Tree Planting,High priority for tree planting or additional vegetation.,52
85.80038349023,20.249329061215988,0.30822122,0.058317218,0.08784599,-0.321256,37.853893940000034,0.0,0.7776879547291828,1.0,0.5188934914727243,0.4587193255209251,0.4523994453144935,75.22522872232054,High,Tree Planting,High priority for tree planting or additional vegetation.,53
85.80083264787207,20.249778218858047,0.1296565,0.09618733,0.11041841,-0.17366174,37.918836320000025,0.0,0.8084074373484188,1.0,0.5603046743755002,0.5164503302624452,0.22756162484882358,75.09691278719775,High,Tree Planting,High priority for tree planting or additional vegetation.,54
85.80110214245731,20.2494188927444,0.051528003,-0.0036193293,0.07536719,-0.09627907,38.16664277000004,0.0,0.9256265157639472,1.0,0.4959999838555898,0.36430029909053885,0.10968067971847661,74.9486050188424,High,Tree Planting,High priority for tree planting or additional vegetation.,55
85.8010123109289,20.250407039556933,0.08721423,0.17990206,0.18195285,-0.17188928,37.67615690000002,0.0,0.6936135812449377,1.0,0.6915411912703505,0.6440690569925135,0.22486154665294678,74.870831342858,High,Tree Planting,High priority for tree planting or additional vegetation.,56
85.80047332175842,20.249778218858047,0.16345891,0.05897831,0.095943525,-0.22174777,37.918836320000025,0.0,0.8084074373484188,1.0,0.5337491650312808,0.45972712569290713,0.3008135126935597,74.86386697978644,High,Tree Planting,High priority for tree planting or additional vegetation.,57
85.80146146857095,20.249149398159165,0.06043956,0.1879383,0.1430973,-0.053685162,37.86072998000003,0.0,0.7809215844785746,1.0,0.620257107072114,0.6563198844932083,0.044795219810785936,74.74265518347887,High,Tree Planting,High priority for tree planting or additional vegetation.,58
85.80083264787207,20.250137544971697,0.0912362,0.13699189,0.15481913,-0.17552602,37.758189380000005,0.0,0.7324171382376566,1.0,0.6417618835243175,0.5786547474776793,0.23040157710670783,74.68950564583832,High,Tree Planting,High priority for tree planting or additional vegetation.,59
85.80128180551412,20.24896973510234,0.10579756,0.11807734,0.118200675,-0.1533994,37.86072998000003,0.0,0.7809215844785746,1.0,0.5745819560897725,0.5498205054312412,0.1966949748643705,74.51153167865994,High,Tree Planting,High priority for tree planting or additional vegetation.,60
85.80047332175842,20.24986805038646,0.14366196,0.08838542,0.12281612,-0.22524002,37.78211552000002,0.0,0.7437348423605415,1.0,0.5830494149210675,0.5045567265888433,0.3061334342035238,74.16468810255593,High,Tree Planting,High priority for tree planting or additional vegetation.,61
85.80056315328683,20.250227376500103,0.12101595,0.10833829,0.13804713,-0.1906903,37.758189380000005,0.0,0.7324171382376566,1.0,0.6109921051999129,0.5349738331602983,0.2535020937808057,74.02215499453942,High,Tree Planting,High priority for tree planting or additional vegetation.,62
85.80164113162778,20.24887990357393,0.13294797,0.18547682,0.17304964,-0.18222219,37.61463254,0.0,0.6645109135003875,1.0,0.6752074327397266,0.6525674869943269,0.24060219241700243,73.99513569022082,High,Tree Planting,High priority for tree planting or additional vegetation.,63
85.80173096315619,20.248700240517103,0.036998443,0.2685168,0.22989438,-0.13229017,37.45398560000001,0.0,0.5885206143896388,1.0,0.7794943423932218,0.7791575926458693,0.1645382143988312,73.7849916380345,High,Tree Planting,High priority for tree planting or additional vegetation.,64
85.80110214245731,20.24986805038646,0.5160063,-0.10167561,-0.05206021,-0.5153278,37.97523365000001,0.0,0.8350848827809083,1.0,0.26222268535480003,0.21481862853124586,0.748038859244611,73.6144616415078,High,Tree Planting,High priority for tree planting or additional vegetation.,65
85.80038349023,20.250047713443283,0.086021505,0.10565502,0.13120174,-0.14772727,37.78211552000002,0.0,0.7437348423605415,1.0,0.5984336069382805,0.530883328408351,0.18805433161308183,73.4779259751048,High,Tree Planting,High priority for tree planting or additional vegetation.,66
85.80038349023,20.24995788191487,0.096255325,0.10006192,0.123442836,-0.1641313,37.78211552000002,0.0,0.7437348423605415,1.0,0.5841991831295316,0.522356940035911,0.21304342232740547,73.42903664139239,High,Tree Planting,High priority for tree planting or additional vegetation.,67
85.80110214245731,20.24950872427281,0.09549823,-0.032853846,0.021938572,-0.10235027,38.16664277000004,0.0,0.9256265157639472,1.0,0.3979802645591851,0.31973380765202003,0.11892924653680115,73.12512998319438,High,Tree Planting,High priority for tree planting or additional vegetation.,68
85.80056315328683,20.25031720802852,0.06456841,0.09768535,0.12619768,-0.15432872,37.758189380000005,0.0,0.7324171382376566,1.0,0.5892531981067743,0.5187339833903497,0.19811065514431603,72.97975850407796,High,Tree Planting,High priority for tree planting or additional vegetation.,69
85.80137163704254,20.24896973510234,0.1185841,0.085118674,0.081484035,-0.15118401,37.86072998000003,0.0,0.7809215844785746,1.0,0.5072218992320948,0.4995767431967863,0.19332015893940546,72.96494504420056,High,Tree Planting,High priority for tree planting or additional vegetation.,70
85.80056315328683,20.24986805038646,0.25688556,0.01596519,0.06879337,-0.31322634,37.78211552000002,0.0,0.7437348423605415,1.0,0.4839397057644535,0.39415587428843357,0.4401674570686066,72.91437417085345,High,Tree Planting,High priority for tree planting or additional vegetation.,71
85.80020382717318,20.25031720802852,0.09268623,0.19533381,0.16983482,-0.15785715,37.55823521000002,0.0,0.6378334680678981,1.0,0.6693095494370279,0.6675939526257757,0.2034856914828952,72.88544372467906,High,Tree Planting,High priority for tree planting or additional vegetation.,72
85.80047332175842,20.250137544971697,0.1342937,0.05898223,0.11004092,-0.21533483,37.758189380000005,0.0,0.7324171382376566,1.0,0.5596121342121518,0.4597331015278502,0.2910443560042879,72.87447073563335,High,Tree Planting,High priority for tree planting or additional vegetation.,73
85.80065298481524,20.250137544971697,0.24819943,0.055741806,0.08283278,-0.2621849,37.758189380000005,0.0,0.7324171382376566,1.0,0.5096962961237088,0.45479324464787757,0.36241344330798164,72.79002546854392,High,Tree Planting,High priority for tree planting or additional vegetation.,74
85.80056315328683,20.250047713443283,0.4563107,-0.03468102,0.011181158,-0.45709664,37.78211552000002,0.0,0.7437348423605415,1.0,0.378244798060029,0.3169483764693084,0.659332380431765,72.74852481072742,High,Tree Planting,High priority for tree planting or additional vegetation.,75
85.80020382717318,20.250407039556933,0.09788866,0.16577542,0.17025201,-0.15245129,37.57703432000002,0.0,0.646725949878729,1.0,0.6700749229058545,0.6225337332833639,0.195250670824622,72.63074638102952,High,Tree Planting,High priority for tree planting or additional vegetation.,76
85.80020382717318,20.250496871085343,0.08883082,0.1798278,0.16779557,-0.14099936,37.57703432000002,0.0,0.646725949878729,1.0,0.6655683575429162,0.6439558515070873,0.17780536515131584,72.60291602608963,High,Tree Planting,High priority for tree planting or additional vegetation.,77
85.80110214245731,20.24887990357393,0.1450285,0.21340002,0.1780276,-0.19261216,37.46253065000002,0.0,0.5925626515763853,1.0,0.6843399587180091,0.6951349447192582,0.2564297605724557,72.55762598097883,High,Tree Planting,High priority for tree planting or additional vegetation.,78
85.80020382717318,20.25067653414217,0.11860462,0.093521796,0.12886144,-0.21311475,37.65564878000001,0.0,0.6839126919967521,1.0,0.594140111099227,0.5123868631147197,0.28766239556450235,72.42997501318318,High,Tree Planting,High priority for tree planting or additional vegetation.,79
85.80020382717318,20.25058670261376,0.09206753,0.1504337,0.1635347,-0.16558993,37.57703432000002,0.0,0.646725949878729,1.0,0.6577513991975128,0.5991460836755921,0.21526542737059506,72.41216459478643,High,Tree Planting,High priority for tree planting or additional vegetation.,80
85.80047332175842,20.250047713443283,0.16287452,0.031156125,0.08582879,-0.22992617,37.78211552000002,0.0,0.7437348423605415,1.0,0.5151927523339221,0.417313660051336,0.3132720841237524,72.34579399757597,High,Tree Planting,High priority for tree planting or additional vegetation.,81
85.80047332175842,20.24995788191487,0.113211885,0.049606316,0.10339025,-0.17928678,37.78211552000002,0.0,0.7437348423605415,1.0,0.5474108677198571,0.4454400110931009,0.23613053351527313,72.33891373269785,High,Tree Planting,High priority for tree planting or additional vegetation.,82
85.80056315328683,20.250496871085343,0.124539405,0.10446008,0.12784716,-0.18111454,37.65735779000002,0.0,0.6847210994341068,1.0,0.5922793210468256,0.5290617048861963,0.23891485300530169,72.10558837764057,High,Tree Planting,High priority for tree planting or additional vegetation.,83
85.80146146857095,20.24896973510234,0.09083117,0.19097555,0.1496279,-0.08803415,37.61463254,0.0,0.6645109135003875,1.0,0.6322380940936594,0.6609500132383037,0.0971207749991887,71.99960669879144,High,Tree Planting,High priority for tree planting or additional vegetation.,84
85.80065298481524,20.249149398159165,0.21269843,0.089753754,0.11735973,-0.26107293,37.59583343000003,0.0,0.6556184316895667,1.0,0.5730391650551304,0.5066426801936804,0.36071952302122245,71.93776245866299,High,Tree Planting,High priority for tree planting or additional vegetation.,85
85.80056315328683,20.250407039556933,0.096412,0.11382914,0.123827845,-0.1535696,37.65735779000002,0.0,0.6847210994341068,1.0,0.584905517590711,0.5433443467564814,0.1969542491548697,71.71820170599737,High,Tree Planting,High priority for tree planting or additional vegetation.,86
85.80038349023,20.250137544971697,0.0653288,0.048073217,0.1105861,-0.14659928,37.758189380000005,0.0,0.7324171382376566,1.0,0.560612317120982,0.4431028818646946,0.18633600724798083,71.67608779507117,High,Tree Planting,High priority for tree planting or additional vegetation.,87
85.80065298481524,20.24923922968757,0.13808176,0.10712122,0.12068966,-0.21995592,37.59583343000003,0.0,0.6556184316895667,1.0,0.5791482282518742,0.5331184736107738,0.29808389672745494,71.6678000778474,High,Tree Planting,High priority for tree planting or additional vegetation.,88
85.80083264787207,20.24923922968757,0.06329803,0.12847917,0.14879265,-0.13646923,37.59583343000003,0.0,0.6556184316895667,1.0,0.6307057510608988,0.5656775511418662,0.17090438840854716,71.49495861210463,High,Tree Planting,High priority for tree planting or additional vegetation.,89
85.80146146857095,20.24923922968757,0.08485857,0.019253923,0.06766396,-0.14385965,37.86072998000003,0.0,0.7809215844785746,1.0,0.4818676991261654,0.3991693757118408,0.18216258994786105,71.46898267784672,High,Tree Planting,High priority for tree planting or additional vegetation.,90
85.80011399564478,20.250407039556933,0.06884906,0.10933101,0.15322472,-0.15626758,37.57703432000002,0.0,0.646725949878729,1.0,0.6388367915699761,0.5364871828706715,0.20106421889800175,71.35984438759823,High,Tree Planting,High priority for tree planting or additional vegetation.,91
85.80164113162778,20.248700240517103,0.10319477,0.14654422,0.15895319,-0.15205194,37.51892798000006,0.0,0.6192400970089017,1.0,0.6493461972483687,0.5932167748760289,0.1946423207193877,71.19598682494676,High,Tree Planting,High priority for tree planting or additional vegetation.,92
85.80011399564478,20.25067653414217,0.1611934,0.021168815,0.08805103,-0.2552204,37.65564878000001,0.0,0.6839126919967521,1.0,0.519269656232302,0.40208852839698467,0.35180406730221314,70.84535156037906,High,Tree Planting,High priority for tree planting or additional vegetation.,93
85.80164113162778,20.248610408988693,0.08741067,0.13981304,0.15313132,-0.14335257,37.51892798000006,0.0,0.6192400970089017,1.0,0.6386654406699342,0.5829554430770623,0.18139012927085552,70.80064024379524,High,Tree Planting,High priority for tree planting or additional vegetation.,94
85.80083264787207,20.249149398159165,0.03991863,0.10679186,0.13925028,-0.11626639,37.59583343000003,0.0,0.6556184316895667,1.0,0.6131993946579981,0.5326163815197427,0.14012837779121923,70.59399146366658,High,Tree Planting,High priority for tree planting or additional vegetation.,95
85.80173096315619,20.24896973510234,0.120042905,0.13242008,0.15961257,-0.20114945,37.43347748000002,0.0,0.5788197251414633,1.0,0.6505558905724533,0.5716852622861032,0.26943504733823753,70.53413320907411,High,Tree Planting,High priority for tree planting or additional vegetation.,96
85.80074281634366,20.249059566630752,0.17129388,0.07679604,0.0987282,-0.2152174,37.59583343000003,0.0,0.6556184316895667,1.0,0.5388579077247885,0.48688932302448956,0.29086546893064913,70.52896948611021,High,Tree Planting,High priority for tree planting or additional vegetation.,97
85.80056315328683,20.25058670261376,0.10694925,0.06455644,0.09391435,-0.17345874,37.65735779000002,0.0,0.6847210994341068,1.0,0.5300264566523502,0.46823069308343446,0.22725238465510234,70.44686061019382,High,Tree Planting,High priority for tree planting or additional vegetation.,98
85.80020382717318,20.250227376500103,0.28724948,0.041522488,0.07895518,-0.30506477,37.55823521000002,0.0,0.6378334680678981,1.0,0.5025824818838619,0.43311663817575563,0.4277345236308293,70.28225288836072,High,Tree Planting,High priority for tree planting or additional vegetation.,99
85.80173096315619,20.24887990357393,0.090668775,0.19303736,0.16412447,-0.11573826,37.43347748000002,0.0,0.5788197251414633,1.0,0.6588333865670801,0.6640931347291014,0.13932385058181063,70.28126240585921,High,Tree Planting,High priority for tree planting or additional vegetation.,100
85.80065298481524,20.25058670261376,0.33700138,0.025270768,0.026333751,-0.322449,37.65735779000002,0.0,0.6847210994341068,1.0,0.4060436251319301,0.40834174117049044,0.4542168027091208,70.25787279879827,High,Tree Planting,High priority for tree planting or additional vegetation.,101
85.80173096315619,20.24879007204552,0.07692307,0.18769471,0.17029513,-0.099920906,37.43347748000002,0.0,0.5788197251414633,1.0,0.6701540305162377,0.65594854428051,0.11522847316744544,70.12867238646702,High,Tree Planting,High priority for tree planting or additional vegetation.,102
85.80011399564478,20.250496871085343,0.09188927,0.06972857,0.119705774,-0.1689402,37.57703432000002,0.0,0.646725949878729,1.0,0.5773431987910772,0.4761153347120031,0.22036906354703933,70.02677046081844,High,Tree Planting,High priority for tree planting or additional vegetation.,103
85.80011399564478,20.25058670261376,0.13310285,0.036737714,0.09070372,-0.21220529,37.57703432000002,0.0,0.646725949878729,1.0,0.5241362602904563,0.42582250050642145,0.2862769690296174,69.38481709607909,High,Tree Planting,High priority for tree planting or additional vegetation.,104
85.80173096315619,20.249059566630752,0.19136612,0.0931677,0.12432432,-0.2579211,37.39246123999999,0.0,0.5594179466450853,1.0,0.5858163466924048,0.5118470622856398,0.35591818055927094,69.24743602818772,High,Tree Planting,High priority for tree planting or additional vegetation.,105
85.80218012079824,20.24852057746028,0.09454006,0.1488518,0.19970049,-0.24384357,37.197634100000016,0.0,0.4672594987873773,1.0,0.7241008710092807,0.596734559875488,0.3344731652670768,69.19137528018618,High,Tree Planting,High priority for tree planting or additional vegetation.,106
85.80011399564478,20.25031720802852,0.06934671,0.06379235,0.11111111,-0.14933836,37.55823521000002,0.0,0.6378334680678981,1.0,0.5615754963076083,0.46706587784832376,0.1905085867052111,69.13438113218642,High,Tree Planting,High priority for tree planting or additional vegetation.,107
85.80083264787207,20.249059566630752,0.053276744,0.077240825,0.10404211,-0.09751904,37.59583343000003,0.0,0.6556184316895667,1.0,0.5486067649115185,0.48756737449008747,0.111569588895858,68.88902405821923,High,Tree Planting,High priority for tree planting or additional vegetation.,108
85.80200045774143,20.24887990357393,0.25859246,0.1672983,0.14911184,-0.31266,37.17370796,0.0,0.4559417946644924,1.0,0.631291334506127,0.6248552841808307,0.43930472262864584,68.78922392562144,High,Tree Planting,High priority for tree planting or additional vegetation.,109
85.80074281634366,20.249149398159165,0.10796377,0.030081294,0.08552631,-0.16989458,37.59583343000003,0.0,0.6556184316895667,1.0,0.5146378249223096,0.4156751364167259,0.22182291899572704,68.76310087864617,High,Tree Planting,High priority for tree planting or additional vegetation.,110
85.80209028926984,20.24852057746028,0.11390667,0.17625171,0.19015169,-0.20217231,37.197634100000016,0.0,0.4672594987873773,1.0,0.7065827181793215,0.638504289368953,0.270993221843408,68.71150084843474,High,Tree Planting,High priority for tree planting or additional vegetation.,111
85.80074281634366,20.24923922968757,0.062020883,0.051452287,0.099492885,-0.11159738,37.59583343000003,0.0,0.6556184316895667,1.0,0.5402607927675978,0.44825409731903304,0.13301583810212558,68.58516419641255,High,Tree Planting,High priority for tree planting or additional vegetation.,112
85.80011399564478,20.250137544971697,0.3811966,-0.060135584,0.008888183,-0.4048102,37.55823521000002,0.0,0.6378334680678981,1.0,0.3740381242910448,0.27814422519092485,0.5796817950396974,68.32383610870883,High,Tree Planting,High priority for tree planting or additional vegetation.,113
85.8010123109289,20.24896973510234,0.07944149,0.08340146,0.11431362,-0.14885986,37.46253065000002,0.0,0.5925626515763853,1.0,0.5674507957818326,0.49695894028201787,0.18977966339143992,68.15602752075361,High,Tree Planting,High priority for tree planting or additional vegetation.,114
85.80011399564478,20.250227376500103,0.15341328,0.012774867,0.06962351,-0.20871793,37.55823521000002,0.0,0.6378334680678981,1.0,0.48546267403169774,0.3892923937621552,0.2809644967046153,68.1195130571801,High,Tree Planting,High priority for tree planting or additional vegetation.,115
85.80002416411637,20.250407039556933,0.17735302,0.025825785,0.09450434,-0.26225683,37.43347748000002,0.0,0.5788197251414633,1.0,0.5311088476321746,0.4091878355538031,0.3625230179244071,68.04833300350863,High,Tree Planting,High priority for tree planting or additional vegetation.,116
85.80110214245731,20.24896973510234,0.12449045,0.08822783,0.097114496,-0.14972748,37.46253065000002,0.0,0.5925626515763853,1.0,0.5358974191509032,0.5043164888774467,0.19110135293270258,67.76951925265658,High,Tree Planting,High priority for tree planting or additional vegetation.,117
85.80020382717318,20.24995788191487,0.20580067,0.05168649,0.08123338,-0.23397538,37.43005946000002,0.0,0.577202910266764,1.0,0.5067620495549006,0.44861112754126947,0.3194404510440364,67.59803383717949,High,Tree Planting,High priority for tree planting or additional vegetation.,118
85.80155130009936,20.247981588289807,0.15390486,0.30546623,0.25325155,-0.24512762,36.81139784000004,0.0,0.28455941794664386,1.0,0.8223452214288427,0.8354850658396761,0.33642922374366613,67.59110375566537,High,Tree Planting,High priority for tree planting or additional vegetation.,119
85.8018207946846,20.249329061215988,0.3480392,0.045346055,0.061592538,-0.3229104,37.37708014999998,0.0,0.5521422797089469,1.0,0.47072911642559817,0.43894546605475737,0.4549196767257855,67.56385656545781,High,Tree Planting,High priority for tree planting or additional vegetation.,120
85.79984450105954,20.250137544971697,0.45800528,-0.02894189,0.01545943,-0.4386533,37.41126035000002,0.0,0.568310428455933,1.0,0.38609368197676563,0.32569737993785375,0.6312367053851384,67.4100589365594,High,Tree Planting,High priority for tree planting or additional vegetation.,121
85.80020382717318,20.24968838732964,0.21845968,0.012387654,0.07675195,-0.26864272,37.41638738,0.0,0.5707356507679702,1.0,0.4985404535808761,0.3887021077989402,0.37225096797702784,67.20970708451193,High,Tree Planting,High priority for tree planting or additional vegetation.,122
85.80002416411637,20.250496871085343,0.14805552,0.0074714413,0.07973217,-0.23755826,37.43347748000002,0.0,0.5788197251414633,1.0,0.5040079415821852,0.3812075987070732,0.32489843382866535,66.98577120333405,High,Tree Planting,High priority for tree planting or additional vegetation.,123
85.80209028926984,20.24843074593187,0.13158508,0.17565511,0.19601923,-0.25734916,37.00280696000004,0.0,0.37510105092966933,1.0,0.7173472605779369,0.6375948038773656,0.3550469153553454,66.93965762888625,High,Tree Planting,High priority for tree planting or additional vegetation.,124
85.79993433258795,20.250496871085343,0.2480602,-0.03128034,0.05396009,-0.31516352,37.43347748000002,0.0,0.5788197251414633,1.0,0.45672668779260606,0.3221325352382181,0.44311846159310286,66.86800203944618,High,Tree Planting,High priority for tree planting or additional vegetation.,125
85.80218012079824,20.24843074593187,0.11162015,0.13146761,0.1968,-0.29155576,37.00280696000004,0.0,0.37510105092966933,1.0,0.7187796550343133,0.5702332715952345,0.4071555636831393,66.80861470618851,High,Tree Planting,High priority for tree planting or additional vegetation.,126
85.80164113162778,20.24843074593187,0.07958086,0.17507033,0.1758331,-0.20328279,37.08825746000002,0.0,0.4155214227970809,1.0,0.6803139464038601,0.6367033373574686,0.2726848723376123,66.76423397692113,High,Tree Planting,High priority for tree planting or additional vegetation.,127
85.80029365870159,20.250047713443283,0.17415419,0.02464867,0.067721054,-0.22795825,37.43005946000002,0.0,0.577202910266764,1.0,0.48197244332624023,0.40739338531171476,0.31027425179849266,66.72235032899859,High,Tree Planting,High priority for tree planting or additional vegetation.,128
85.80164113162778,20.248340914403457,0.0743206,0.18459271,0.17973682,-0.17465132,37.08825746000002,0.0,0.4155214227970809,1.0,0.6874756801887723,0.651219707547516,0.2290691022424325,66.58066598464349,High,Tree Planting,High priority for tree planting or additional vegetation.,129
85.80002416411637,20.25031720802852,0.14532374,0.006242179,0.08597285,-0.21619558,37.41126035000002,0.0,0.568310428455933,1.0,0.5154570436686118,0.37933365263398333,0.2923555801261869,66.49806083630885,High,Tree Planting,High priority for tree planting or additional vegetation.,130
85.80200045774143,20.248610408988693,0.04114935,0.14939864,0.16417912,-0.12689576,37.197634100000016,0.0,0.4672594987873773,1.0,0.6589336470241174,0.5975681888500431,0.15632063610616453,66.44067791854515,High,Tree Planting,High priority for tree planting or additional vegetation.,131
85.8010123109289,20.248700240517103,0.31272087,0.016979044,0.049720414,-0.31388152,37.35828104000001,0.0,0.543249797898126,1.0,0.4489486117916938,0.39570144167627774,0.4411655259854649,66.40039279043661,High,Tree Planting,High priority for tree planting or additional vegetation.,132
85.80029365870159,20.24995788191487,0.09313586,0.060695063,0.07399999,-0.15672092,37.43005946000002,0.0,0.577202910266764,1.0,0.49349172956718496,0.4623442258372907,0.2017548147079603,66.35945365696321,High,Tree Planting,High priority for tree planting or additional vegetation.,133
85.80011399564478,20.2494188927444,0.17460318,0.039165597,0.11969972,-0.32065538,37.18567103000001,0.0,0.46160064672593487,1.0,0.5773320921706399,0.4295236811362769,0.4514844904122629,66.31808249982303,High,Tree Planting,High priority for tree planting or additional vegetation.,134
85.79993433258795,20.25058670261376,0.13027672,-0.0207953,0.075605966,-0.2231694,37.43347748000002,0.0,0.5788197251414633,1.0,0.4964380404134951,0.3381164302410908,0.30297915376055373,66.22211820046277,High,Tree Planting,High priority for tree planting or additional vegetation.,135
85.8018207946846,20.24896973510234,0.07810871,0.026335588,0.08665055,-0.1556151,37.43347748000002,0.0,0.5788197251414633,1.0,0.5167003467195568,0.40996500355928045,0.20007026302805508,66.2154496209106,High,Tree Planting,High priority for tree planting or additional vegetation.,136
85.80029365870159,20.250137544971697,0.15787056,-0.06298715,0.032693047,-0.21678318,37.55823521000002,0.0,0.6378334680678981,1.0,0.4177103391922255,0.2737971619906165,0.2932507010021994,66.07113775984847,High,Tree Planting,High priority for tree planting or additional vegetation.,137
85.79966483800271,20.24986805038646,0.2717136,0.046214785,0.08016122,-0.3089701,37.24377737000003,0.0,0.4890864995957924,1.0,0.5047950733130514,0.4402697994961029,0.43368371085124835,65.98405619104305,High,Tree Planting,High priority for tree planting or additional vegetation.,138
85.8018207946846,20.24923922968757,0.46446186,-0.05100981,-0.01598035,-0.4369485,37.39246123999999,0.0,0.5594179466450853,1.0,0.3284145106693454,0.29205599028060936,0.6286396970981639,65.91571293318046,High,Tree Planting,High priority for tree planting or additional vegetation.,139
85.80011399564478,20.24950872427281,0.23139773,0.035208065,0.104565084,-0.3216411,37.18567103000001,0.0,0.46160064672593487,1.0,0.5495662088686749,0.42349063062254416,0.4529860876721389,65.856279717755,High,Tree Planting,High priority for tree planting or additional vegetation.,140
85.80002416411637,20.250227376500103,0.18523808,-0.014469128,0.054123055,-0.23187327,37.41126035000002,0.0,0.568310428455933,1.0,0.45702566209052137,0.34776034853020676,0.316238200287272,65.54468327321061,High,Tree Planting,High priority for tree planting or additional vegetation.,141
85.80020382717318,20.250047713443283,0.4032967,-0.06906657,-0.015027536,-0.3884208,37.43005946000002,0.0,0.577202910266764,1.0,0.33016253568510917,0.2645294042177931,0.5547149909462317,65.46096929491979,High,Tree Planting,High priority for tree planting or additional vegetation.,142
85.79975466953113,20.24995788191487,0.20413576,-0.0055346414,0.079515986,-0.32342657,37.24377737000003,0.0,0.4890864995957924,1.0,0.5036113321284955,0.3613805059849206,0.45570598466072665,65.39762987625768,High,Tree Planting,High priority for tree planting or additional vegetation.,143
85.79966483800271,20.24968838732964,0.30211672,0.057348505,0.090231664,-0.34214875,37.13440073000001,0.0,0.43734842360548254,1.0,0.5232702300927038,0.45724257322623496,0.48422643081876804,65.38419620000506,High,Tree Planting,High priority for tree planting or additional vegetation.,144
85.80164113162778,20.248251082875043,0.09288485,0.14250913,0.15810828,-0.17398556,37.08825746000002,0.0,0.4155214227970809,1.0,0.6477961320561393,0.5870654912483897,0.22805491627508356,65.33378873998925,High,Tree Planting,High priority for tree planting or additional vegetation.,145
85.79993433258795,20.25067653414217,0.19687878,-0.05409691,0.043720096,-0.25094104,37.42322342000003,0.0,0.5739692805173755,1.0,0.43794047592620755,0.2873498678181897,0.34528510121648615,65.11453524476113,High,Tree Planting,High priority for tree planting or additional vegetation.,146
85.80002416411637,20.25067653414217,0.1873932,-0.05126911,0.04463158,-0.23915197,37.42322342000003,0.0,0.5739692805173755,1.0,0.43961267725140685,0.2916607009947082,0.3273262130854896,65.00313771509434,High,Tree Planting,High priority for tree planting or additional vegetation.,147
85.8018207946846,20.248161251346637,0.109433964,0.20641474,0.20887132,-0.21046257,36.85583210000004,0.0,0.3055780113177043,1.0,0.7409256030716942,0.6844862507623762,0.28362219528379606,64.96230884606827,High,Tree Planting,High priority for tree planting or additional vegetation.,148
85.80209028926984,20.248251082875043,0.25793868,0.102722056,0.12535965,-0.32162714,37.00280696000004,0.0,0.37510105092966933,1.0,0.5877157549080383,0.5264121782150083,0.4529648216962554,64.86253785062328,High,Tree Planting,High priority for tree planting or additional vegetation.,149
85.8018207946846,20.2494188927444,0.34515235,-0.0039280597,-0.005813959,-0.31385282,37.37708014999998,0.0,0.5521422797089469,1.0,0.3470656910550611,0.3638296557455641,0.4411218058201456,64.81976837275143,High,Tree Planting,High priority for tree planting or additional vegetation.,150
85.80218012079824,20.24618495772157,0.13989638,0.22089419,0.20780371,-0.20879121,36.83190596000003,0.0,0.2942603071948194,1.0,0.7389669742237979,0.706559414860877,0.28107612784449654,64.78866925625528,High,Tree Planting,High priority for tree planting or additional vegetation.,151
85.80002416411637,20.25058670261376,0.1315645,-0.045654345,0.03993596,-0.2101761,37.43347748000002,0.0,0.5788197251414633,1.0,0.4309981300002954,0.3002201165263423,0.2831858010064793,64.66362287957654,High,Tree Planting,High priority for tree planting or additional vegetation.,152
85.80173096315619,20.248161251346637,0.08722812,0.20164478,0.20750865,-0.19705953,36.85583210000004,0.0,0.3055780113177043,1.0,0.7384256594854006,0.6772146962611152,0.2632046648106313,64.64791884252959,High,Tree Planting,High priority for tree planting or additional vegetation.,153
85.80020382717318,20.249598555801224,0.39665738,-0.115461625,-0.024459975,-0.41040787,37.41638738,0.0,0.5707356507679702,1.0,0.312857857823884,0.19380256981635036,0.5882090095972694,64.63505318453356,High,Tree Planting,High priority for tree planting or additional vegetation.,154
85.80029365870159,20.24771209370457,0.121181265,0.20734338,0.193609,-0.17754012,36.89343031999999,0.0,0.323362974939346,1.0,0.7129254717149016,0.6859019138648029,0.23346975776766232,64.58848804022855,High,Tree Planting,High priority for tree planting or additional vegetation.,155
85.80029365870159,20.249329061215988,0.3680049,0.00221825,0.04948288,-0.3692542,37.18567103000001,0.0,0.46160064672593487,1.0,0.44851283379714885,0.37319938336700736,0.525517537266547,64.56288111507081,High,Tree Planting,High priority for tree planting or additional vegetation.,156
85.79966483800271,20.249778218858047,0.2752321,0.03359055,0.07756489,-0.33187363,37.13440073000001,0.0,0.43734842360548254,1.0,0.5000318668643868,0.42102481361797656,0.46857381949212684,64.5169170422313,High,Tree Planting,High priority for tree planting or additional vegetation.,157
85.79984450105954,20.24995788191487,0.20413576,-0.0055346414,0.079515986,-0.32342657,37.17712598000003,0.0,0.45755860953920174,1.0,0.5036113321284955,0.3613805059849206,0.45570598466072665,64.45179317455995,High,Tree Planting,High priority for tree planting or additional vegetation.,158
85.80173096315619,20.245735800079512,0.0888031,0.17123824,0.20191944,-0.20891683,36.86950418000004,0.0,0.31204527081649136,1.0,0.7281717390997253,0.6308615166108089,0.2812674911604338,64.40522428870304,High,Tree Planting,High priority for tree planting or additional vegetation.,159
85.80029365870159,20.247801925232984,0.16966069,0.17725515,0.17696726,-0.22338206,36.89343031999999,0.0,0.323362974939346,1.0,0.6823946673545164,0.6400339811585583,0.30330310952211414,64.37018016530484,High,Tree Planting,High priority for tree planting or additional vegetation.,160
85.79975466953113,20.24986805038646,0.12972319,-0.021989968,0.08511779,-0.25139958,37.24377737000003,0.0,0.4890864995957924,1.0,0.5138883573667953,0.33629522136870765,0.34598361845012604,64.20370874656403,High,Tree Planting,High priority for tree planting or additional vegetation.,161
85.79993433258795,20.24995788191487,0.112700365,-0.0022212395,0.089268886,-0.2731377,37.17712598000003,0.0,0.45755860953920174,1.0,0.5215039252014795,0.36643161385593676,0.3790983989424107,64.00461729218172,High,Tree Planting,High priority for tree planting or additional vegetation.,162
85.80218012079824,20.246364620778397,0.14038728,0.22672915,0.20763572,-0.18377602,36.79430774000002,0.0,0.2764753435731508,1.0,0.7386587811006928,0.7154545061515122,0.24296922044759228,63.958379289695955,High,Tree Planting,High priority for tree planting or additional vegetation.,163
85.80002416411637,20.24995788191487,0.10999725,0.0064805564,0.106962495,-0.22835131,37.17712598000003,0.0,0.45755860953920174,1.0,0.5539644800958685,0.37969704651065506,0.3108730200277735,63.94192615299836,High,Tree Planting,High priority for tree planting or additional vegetation.,164
85.80244961538348,20.24627478924998,0.08624419,0.24348764,0.22674909,-0.14388017,36.78063566000003,0.0,0.2700080840743671,1.0,0.773724018277674,0.7410019475124123,0.18219384910438896,63.93806076256414,High,Tree Planting,High priority for tree planting or additional vegetation.,165
85.80011399564478,20.249329061215988,0.4298156,-0.066896014,0.011095313,-0.46586135,37.18567103000001,0.0,0.46160064672593487,1.0,0.378087307503133,0.26783830329703884,0.672684107615557,63.92455312345099,High,Tree Planting,High priority for tree planting or additional vegetation.,166
85.80191062621302,20.245735800079512,0.06064513,0.19804879,0.19908047,-0.15166374,36.86950418000004,0.0,0.31204527081649136,1.0,0.7229633872293679,0.6717327976139589,0.19405095597454747,63.86364646882031,High,Tree Planting,High priority for tree planting or additional vegetation.,167
85.8018207946846,20.245735800079512,0.06498641,0.16213065,0.20118126,-0.18276618,36.86950418000004,0.0,0.31204527081649136,1.0,0.7268174799199312,0.6169774720779112,0.24143087996863966,63.847703843759206,High,Tree Planting,High priority for tree planting or additional vegetation.,168
85.80029365870159,20.2494188927444,0.22210068,0.005564206,0.06866017,-0.282066,37.18567103000001,0.0,0.46160064672593487,1.0,0.4836953380997259,0.37830011826055393,0.39269933106852206,63.813443966564684,High,Tree Planting,High priority for tree planting or additional vegetation.,169
85.80047332175842,20.248251082875043,0.10192645,0.29414403,0.2406194,-0.18048778,36.65075090000005,0.0,0.20856911883589513,1.0,0.7991703791166184,0.8182249642090171,0.23796007771556438,63.80647967107193,High,Tree Planting,High priority for tree planting or additional vegetation.,170
85.80244961538348,20.246723946892043,0.15057112,0.1769731,0.18832695,-0.21258546,36.838742000000025,0.0,0.2974939369442112,1.0,0.7032350646317617,0.6396040106877198,0.28685610126827243,63.73794519736268,High,Tree Planting,High priority for tree planting or additional vegetation.,171
85.80235978385507,20.24618495772157,0.15548779,0.20595016,0.19579244,-0.22100517,36.78063566000003,0.0,0.2700080840743671,1.0,0.7169311934406729,0.6837780228547636,0.2996822724578092,63.68881337696685,High,Tree Planting,High priority for tree planting or additional vegetation.,172
85.80226995232665,20.24618495772157,0.15548779,0.20595016,0.19579244,-0.22100517,36.78063566000003,0.0,0.2700080840743671,1.0,0.7169311934406729,0.6837780228547636,0.2996822724578092,63.68881337696685,High,Tree Planting,High priority for tree planting or additional vegetation.,173
85.80191062621302,20.24896973510234,0.13221978,-0.06251182,0.026674034,-0.18317564,37.43347748000002,0.0,0.5788197251414633,1.0,0.40666790562784977,0.27452177771089176,0.24205463114953163,63.63037442726588,High,Tree Planting,High priority for tree planting or additional vegetation.,174
85.80155130009936,20.24843074593187,0.11155084,0.09431678,0.12102385,-0.1764398,37.08825746000002,0.0,0.4155214227970809,1.0,0.5797613305782653,0.5135987746367515,0.23179358451665122,63.615986234120435,High,Tree Planting,High priority for tree planting or additional vegetation.,175
85.80002416411637,20.249598555801224,0.13142504,0.103851795,0.12626418,-0.20013057,37.04211419000004,0.0,0.39369442198868254,1.0,0.5893751984799305,0.5281344062233565,0.26788293576888467,63.61163405678184,High,Tree Planting,High priority for tree planting or additional vegetation.,176
85.80218012079824,20.246544283835217,0.12467193,0.21285877,0.20054363,-0.17437477,36.79430774000002,0.0,0.2764753435731508,1.0,0.7256476889735329,0.6943098374072877,0.22864781960413894,63.408552211911775,High,Tree Planting,High priority for tree planting or additional vegetation.,177
85.80244961538348,20.24618495772157,0.13775665,0.20167015,0.19217524,-0.21127655,36.78063566000003,0.0,0.2700080840743671,1.0,0.710295106977816,0.6772533714989991,0.2848621722930825,63.37582456481907,High,Tree Planting,High priority for tree planting or additional vegetation.,178
85.80226995232665,20.24852057746028,0.19186956,0.0072558536,0.09651574,-0.30528373,37.07116736,0.0,0.4074373484235844,1.0,0.534798946136927,0.38087894653591214,0.42806807650184986,63.33457487513905,High,Tree Planting,High priority for tree planting or additional vegetation.,179
85.80244961538348,20.246364620778397,0.10323314,0.1951169,0.19412157,-0.18453105,36.807979820000014,0.0,0.2829426030719345,1.0,0.7138658285760832,0.6672632846774347,0.24411939593264298,63.31009232690006,High,Tree Planting,High priority for tree planting or additional vegetation.,180
85.79984450105954,20.24986805038646,0.12972319,-0.021989968,0.08511779,-0.25139958,37.17712598000003,0.0,0.45755860953920174,1.0,0.5138883573667953,0.33629522136870765,0.34598361845012604,63.257872044866325,High,Tree Planting,High priority for tree planting or additional vegetation.,181
85.79993433258795,20.24986805038646,0.07326732,-0.041195303,0.091684446,-0.25592172,37.17712598000003,0.0,0.45755860953920174,1.0,0.5259354924402883,0.30701769280086283,0.3528724236207379,63.21469183699639,High,Tree Planting,High priority for tree planting or additional vegetation.,182
85.80020382717318,20.2494188927444,0.25037935,-0.0450222,0.05040012,-0.32016024,37.18567103000001,0.0,0.46160064672593487,1.0,0.4501955950343463,0.3011837885110548,0.45073021854271067,63.12009339783089,High,Tree Planting,High priority for tree planting or additional vegetation.,183
85.8025394469119,20.24618495772157,0.13321275,0.26476339,0.22995919,-0.19138148,36.640496840000026,0.0,0.2037186742117939,1.0,0.7796132423057667,0.7734357154434234,0.2545550033231514,63.08566604860607,High,Tree Planting,High priority for tree planting or additional vegetation.,184
85.80047332175842,20.2478917567614,0.2421265,0.113787524,0.13015717,-0.28519294,36.89343031999999,0.0,0.323362974939346,1.0,0.5965172470918505,0.5432809053414329,0.39746275733135183,63.05608458128599,High,Tree Planting,High priority for tree planting or additional vegetation.,185
85.80056315328683,20.249149398159165,0.16625986,0.121373095,0.14144778,-0.22298066,36.920774480000034,0.0,0.3362974939369403,1.0,0.6172309107483798,0.5548447115263245,0.3026916365479285,62.922751960076425,High,Tree Planting,High priority for tree planting or additional vegetation.,186
85.79975466953113,20.249598555801224,0.22716628,-0.003110809,0.06760783,-0.28,37.13440073000001,0.0,0.43734842360548254,1.0,0.48176472347285343,0.3650755116869648,0.3895520885058231,62.89319956218517,High,Tree Planting,High priority for tree planting or additional vegetation.,187
85.80092247940048,20.24807141981822,0.12563957,0.21970445,0.17903042,-0.21696375,36.74645545999999,0.0,0.25383993532738097,1.0,0.686179724345202,0.704745718466708,0.2935257724395405,62.890608834061936,High,Tree Planting,High priority for tree planting or additional vegetation.,188
85.80128180551412,20.248161251346637,0.17515527,0.099904865,0.13882186,-0.27739197,36.88659428000005,0.0,0.3201293451899777,1.0,0.6124134187201409,0.5221175179040283,0.3855791441588743,62.86704825713046,High,Tree Planting,High priority for tree planting or additional vegetation.,189
85.80200045774143,20.247532430647748,0.092680804,0.24313787,0.23679256,-0.17403443,36.65075090000005,0.0,0.20856911883589513,1.0,0.7921496887706272,0.7404687414440373,0.2281293624241828,62.825299935318455,High,Tree Planting,High priority for tree planting or additional vegetation.,190
85.80047332175842,20.248340914403457,0.08310988,0.2817778,0.23014611,-0.14650582,36.65075090000005,0.0,0.20856911883589513,1.0,0.7799561642568994,0.7993732934570339,0.18619363489081242,62.812085312408804,High,Tree Planting,High priority for tree planting or additional vegetation.,191
85.80155130009936,20.248251082875043,0.08867795,0.08964181,0.11455539,-0.13960254,37.08825746000002,0.0,0.4155214227970809,1.0,0.5678943451084181,0.5064720274215211,0.1756775184153867,62.80555331890777,High,Tree Planting,High priority for tree planting or additional vegetation.,192
85.80011399564478,20.248161251346637,0.18097016,0.21867931,0.17878789,-0.20609717,36.753291500000046,0.0,0.2570735650767997,1.0,0.6857347807286377,0.7031829461622395,0.27697216010315395,62.79977972588748,High,Tree Planting,High priority for tree planting or additional vegetation.,193
85.80218012079824,20.248340914403457,0.18148069,0.0127737215,0.10782795,-0.30771092,37.00280696000004,0.0,0.37510105092966933,1.0,0.5555522369823309,0.3892906475073268,0.43176553810676643,62.79687693876597,High,Tree Planting,High priority for tree planting or additional vegetation.,194
85.80209028926984,20.248340914403457,0.19618961,0.025498882,0.10096852,-0.3044769,37.00280696000004,0.0,0.37510105092966933,1.0,0.5429679810479301,0.40868948903074515,0.4268389914501256,62.752836048417734,High,Tree Planting,High priority for tree planting or additional vegetation.,195
85.80020382717318,20.24807141981822,0.16122305,0.23698632,0.18076287,-0.17925192,36.753291500000046,0.0,0.2570735650767997,1.0,0.6893580633899263,0.7310910252593664,0.23607742950959276,62.724262450842474,High,Tree Planting,High priority for tree planting or additional vegetation.,196
85.80200045774143,20.24699344147728,0.20565079,0.11822491,0.14743221,-0.31664136,36.79772576000005,0.0,0.27809215844786017,1.0,0.628209898614938,0.5500454681767886,0.445369730203393,62.7200652164617,High,Tree Planting,High priority for tree planting or additional vegetation.,197
85.80020382717318,20.247981588289807,0.1582173,0.19543342,0.18740319,-0.20696661,36.753291500000046,0.0,0.2570735650767997,1.0,0.7015403418542185,0.6677458028601322,0.27829662214270534,62.69573633014565,High,Tree Planting,High priority for tree planting or additional vegetation.,198
85.80155130009936,20.24807141981822,0.3199882,0.12609626,0.116356105,-0.34251496,36.81139784000004,0.0,0.28455941794664386,1.0,0.5711979225813151,0.562044929497953,0.4847842970815395,62.57304364291397,High,Tree Planting,High priority for tree planting or additional vegetation.,199
85.80119197398571,20.248161251346637,0.09145694,0.13571927,0.1571391,-0.18559878,36.88659428000005,0.0,0.3201293451899777,1.0,0.6460180821064346,0.5767147048590001,0.24574592318408073,62.51875786772666,High,Tree Planting,High priority for tree planting or additional vegetation.,200
85.8026292784403,20.24663411536363,0.11272939,0.17654665,0.17199558,-0.17864855,36.81139784000004,0.0,0.28455941794664386,1.0,0.673273662614481,0.6389539099705098,0.23515828539291528,62.377009431250784,High,Tree Planting,High priority for tree planting or additional vegetation.,201
85.80200045774143,20.246903609948863,0.18942067,0.11771302,0.1424314,-0.3011849,36.79772576000005,0.0,0.27809215844786017,1.0,0.619035452207684,0.5492651186489832,0.42182412091943566,62.339188932235245,High,Tree Planting,High priority for tree planting or additional vegetation.,202
85.80002416411637,20.250047713443283,0.24107143,-0.04742909,0.039479394,-0.29799506,37.17712598000003,0.0,0.45755860953920174,1.0,0.4301605176338239,0.29751461061154616,0.41696487589707354,62.323960915769604,High,Tree Planting,High priority for tree planting or additional vegetation.,203
85.80209028926984,20.246544283835217,0.24460648,0.12646618,0.14319351,-0.2917061,36.79430774000002,0.0,0.2764753435731508,1.0,0.6204336131758936,0.5626088531872726,0.40738458422857804,62.30069887899145,High,Tree Planting,High priority for tree planting or additional vegetation.,204
85.80209028926984,20.246903609948863,0.18421851,0.15210779,0.14897901,-0.24704379,36.79772576000005,0.0,0.27809215844786017,1.0,0.6310476456404681,0.6016981463081962,0.3393482226697877,62.218943127822655,High,Tree Planting,High priority for tree planting or additional vegetation.,205
85.80146146857095,20.24807141981822,0.24452811,0.12696055,0.13903077,-0.27483127,36.81139784000004,0.0,0.28455941794664386,1.0,0.6127966833510585,0.563362494391557,0.3816783000009346,62.17914073259011,High,Tree Planting,High priority for tree planting or additional vegetation.,206
85.80226995232665,20.24843074593187,0.17229435,-0.00018464781,0.101992145,-0.3139253,36.97546280000006,0.0,0.36216653193210196,1.0,0.544845915363296,0.36953629135232047,0.4412322182794606,62.1453697847303,High,Tree Planting,High priority for tree planting or additional vegetation.,207
85.80047332175842,20.24771209370457,0.18172379,0.1356962,0.13711819,-0.18789144,36.89343031999999,0.0,0.323362974939346,1.0,0.6092878792354082,0.5766795358508021,0.24923844841825205,62.09938727940204,High,Tree Planting,High priority for tree planting or additional vegetation.,208
85.80155130009936,20.248340914403457,0.08779057,0.07733537,0.105142854,-0.12197391,37.08825746000002,0.0,0.4155214227970809,1.0,0.550626181133312,0.4877115033968963,0.14882293242406364,62.0903797591217,High,Tree Planting,High priority for tree planting or additional vegetation.,209
85.8025394469119,20.246813778420453,0.23626374,0.12318686,0.1417966,-0.26720902,36.81139784000004,0.0,0.28455941794664386,1.0,0.6178708531568652,0.557609701389967,0.37006694006698826,62.081611750321855,High,Tree Planting,High priority for tree planting or additional vegetation.,210
85.80280894149713,20.248251082875043,0.38266742,0.023255821,0.05533995,-0.39483395,36.94811864000002,0.0,0.3492320129345077,1.0,0.4592581680167125,0.40527005987176834,0.564484467539152,62.06337818239513,High,Tree Planting,High priority for tree planting or additional vegetation.,211
85.80226995232665,20.24887990357393,0.60183066,-0.1065007,-0.06379611,-0.52505445,37.17370796,0.0,0.4559417946644924,1.0,0.24069209619206564,0.2074630312288597,0.762855958408443,61.99182517918877,High,Tree Planting,High priority for tree planting or additional vegetation.,212
85.80244961538348,20.245735800079512,0.11361378,0.2722944,0.21075727,-0.1447055,36.640496840000026,0.0,0.2037186742117939,1.0,0.74438555200032,0.7849163462379253,0.18345111614421117,61.96101813017998,High,Tree Planting,High priority for tree planting or additional vegetation.,213
85.80209028926984,20.246454452306807,0.25125,0.1376265,0.1326154,-0.27597198,36.79430774000002,0.0,0.2764753435731508,1.0,0.6010270963746076,0.5796221772259467,0.38341600138704124,61.940048538943515,High,Tree Planting,High priority for tree planting or additional vegetation.,214
85.80137163704254,20.24807141981822,0.16260698,0.12603103,0.12233707,-0.219052,36.88659428000005,0.0,0.3201293451899777,1.0,0.5821705535863249,0.5619454897751635,0.2967069095554923,61.92296265280075,High,Tree Planting,High priority for tree planting or additional vegetation.,215
85.79993433258795,20.250047713443283,0.28031707,-0.07212389,0.013181013,-0.34201053,37.17712598000003,0.0,0.45755860953920174,1.0,0.38191371619924624,0.25986867980756834,0.48401587328391016,61.89430956007954,High,Tree Planting,High priority for tree planting or additional vegetation.,216
85.80065298481524,20.248610408988693,0.19987527,0.08096491,0.094444446,-0.24651763,36.95153665999999,0.0,0.35084882780919013,1.0,0.5309989665742828,0.4932445472640371,0.3385466964612738,61.80836177014305,High,Tree Planting,High priority for tree planting or additional vegetation.,217
85.80209028926984,20.246813778420453,0.23572567,0.15562336,0.14400357,-0.25331607,36.76696358000004,0.0,0.2635408245755834,1.0,0.6219197428342209,0.6070574488721586,0.3489031048484742,61.79462641698714,High,Tree Planting,High priority for tree planting or additional vegetation.,218
85.80209028926984,20.246364620778397,0.27935722,0.11651726,0.1286183,-0.2945591,36.79430774000002,0.0,0.2764753435731508,1.0,0.5936940483814953,0.547442245079723,0.411730703798462,61.791400521698804,High,Tree Planting,High priority for tree planting or additional vegetation.,219
85.80218012079824,20.246723946892043,0.13236658,0.17565139,0.17374179,-0.17779209,36.76696358000004,0.0,0.2635408245755834,1.0,0.676477245646192,0.6375891329319605,0.23385359644555348,61.767810715735514,High,Tree Planting,High priority for tree planting or additional vegetation.,220
85.8018207946846,20.24609512619316,0.14576961,0.18609706,0.16682376,-0.22440086,36.71911130000001,0.0,0.24090541632981358,1.0,0.6637854826160476,0.6535130104292953,0.30485509922341036,61.76762582566218,High,Tree Planting,High priority for tree planting or additional vegetation.,221
85.80209028926984,20.24663411536363,0.2735761,0.12245335,0.12401603,-0.31872383,36.76696358000004,0.0,0.2635408245755834,1.0,0.5852507603008218,0.5564915037652028,0.4485420623522526,61.73532180295439,High,Tree Planting,High priority for tree planting or additional vegetation.,222
85.80244961538348,20.245556137022685,0.14368,0.22690894,0.19684587,-0.19731992,36.640496840000026,0.0,0.2037186742117939,1.0,0.7188638077729098,0.715728586601617,0.2636013301014838,61.687816509978475,High,Tree Planting,High priority for tree planting or additional vegetation.,223
85.80244961538348,20.2456459685511,0.12436466,0.26184648,0.20420069,-0.14651005,36.640496840000026,0.0,0.2037186742117939,1.0,0.7323569022766003,0.7689890387332888,0.1862000786643071,61.648804934478775,High,Tree Planting,High priority for tree planting or additional vegetation.,224
85.80083264787207,20.2478917567614,0.190517,0.09213679,0.11477272,-0.2356952,36.900266360000046,0.0,0.3265966046887647,1.0,0.5682930570046285,0.5102754939180025,0.3220603400586448,61.64565233549884,High,Tree Planting,High priority for tree planting or additional vegetation.,225
85.80065298481524,20.24771209370457,0.12952004,0.13078673,0.14125381,-0.14686248,36.900266360000046,0.0,0.3265966046887647,1.0,0.6168750549231005,0.5691953056523715,0.1867369531543227,61.61034655257639,High,Tree Planting,High priority for tree planting or additional vegetation.,226
85.8018207946846,20.24627478924998,0.21464334,0.15516862,0.14365123,-0.28670865,36.71911130000001,0.0,0.24090541632981358,1.0,0.6212733426616226,0.6063642215298113,0.3997717152329533,61.60762199744638,High,Tree Planting,High priority for tree planting or additional vegetation.,227
85.79984450105954,20.249598555801224,0.22716628,-0.003110809,0.06760783,-0.28,37.04211419000004,0.0,0.39369442198868254,1.0,0.48176472347285343,0.3650755116869648,0.3895520885058231,61.583579513681165,High,Tree Planting,High priority for tree planting or additional vegetation.,228
85.80200045774143,20.24708327300569,0.2292203,0.1140736,0.12342457,-0.2892927,36.79772576000005,0.0,0.27809215844786017,1.0,0.5841656724706433,0.5437170132386696,0.40370812962992453,61.57950126918139,High,Tree Planting,High priority for tree planting or additional vegetation.,229
85.80002416411637,20.24968838732964,0.10689768,0.05286711,0.09841054,-0.16637963,37.04211419000004,0.0,0.39369442198868254,1.0,0.5382751312054389,0.4504109209725098,0.2164684174246917,61.553753011714065,High,Tree Planting,High priority for tree planting or additional vegetation.,230
85.80056315328683,20.24744259911934,0.21335804,0.16046214,0.13893655,-0.2469018,36.76012753999999,0.0,0.26030719482616804,1.0,0.6126238280855133,0.6144339158634148,0.3391319221027608,61.5342316457295,High,Tree Planting,High priority for tree planting or additional vegetation.,231
85.80280894149713,20.248340914403457,0.3915198,0.009213889,0.043687955,-0.3896068,36.94811864000002,0.0,0.3492320129345077,1.0,0.4378815103022436,0.3838638690775054,0.5565216848859029,61.44903858220297,High,Tree Planting,High priority for tree planting or additional vegetation.,232
85.80065298481524,20.24879007204552,0.3739394,-0.043498255,0.0011263144,-0.36731,37.11047459000002,0.0,0.42603071948260773,1.0,0.35979826165062284,0.303506962945311,0.5225558388200808,61.4385235268915,High,Tree Planting,High priority for tree planting or additional vegetation.,233
85.79975466953113,20.24968838732964,0.15772787,-0.044327937,0.061965175,-0.23506199,37.13440073000001,0.0,0.43734842360548254,1.0,0.47141275331359433,0.3022421561373471,0.3210957391568411,61.425022960810274,High,Tree Planting,High priority for tree planting or additional vegetation.,234
85.80164113162778,20.248161251346637,0.16696681,0.12041884,0.14474352,-0.22033899,36.81139784000004,0.0,0.28455941794664386,1.0,0.6232772492419925,0.55338999969633,0.29866744668316314,61.40651574082412,High,Tree Planting,High priority for tree planting or additional vegetation.,235
85.80200045774143,20.2478917567614,0.3321259,0.14077102,0.13763212,-0.35016063,36.661004960000014,0.0,0.21341956345996943,1.0,0.6102307311418154,0.5844158334747004,0.4964313338890668,61.36451954456399,High,Tree Planting,High priority for tree planting or additional vegetation.,236
85.8018207946846,20.246813778420453,0.25853965,0.20569621,0.1650833,-0.26687697,36.62682475999998,0.0,0.19725141471298333,1.0,0.6605924484887823,0.6833908893640016,0.3695611114644015,61.355949177005265,High,Tree Planting,High priority for tree planting or additional vegetation.,237
85.80280894149713,20.24843074593187,0.36777937,0.010915195,0.043257754,-0.3793911,36.94811864000002,0.0,0.3492320129345077,1.0,0.43709226695589626,0.3864574210784284,0.5409595910583305,61.30751451374127,High,Tree Planting,High priority for tree planting or additional vegetation.,238
85.80244961538348,20.246813778420453,0.13414319,0.1250249,0.15104966,-0.17232168,36.838742000000025,0.0,0.2974939369442112,1.0,0.6348464437258143,0.5604116972212733,0.22552024349907995,61.306834171417094,High,Tree Planting,High priority for tree planting or additional vegetation.,239
85.80155130009936,20.246005294664744,0.12630357,0.24980706,0.20862333,-0.1576022,36.606316640000045,0.0,0.18755052546483467,1.0,0.7404706425823865,0.7506355727307285,0.2030973132198941,61.27090426218705,High,Tree Planting,High priority for tree planting or additional vegetation.,240
85.80074281634366,20.248610408988693,0.33766967,0.009424088,0.04906987,-0.36350533,36.95153665999999,0.0,0.35084882780919013,1.0,0.4477551289232064,0.3841843064574018,0.5167599920819277,61.2512347535171,High,Tree Planting,High priority for tree planting or additional vegetation.,241
85.80209028926984,20.246723946892043,0.2845874,0.10561892,0.11647058,-0.31572407,36.76696358000004,0.0,0.2635408245755834,1.0,0.5714079375093909,0.5308282958467581,0.4439723758324645,61.22535051670058,High,Tree Planting,High priority for tree planting or additional vegetation.,242
85.80173096315619,20.24618495772157,0.102507174,0.1716738,0.17892492,-0.1812309,36.71911130000001,0.0,0.24090541632981358,1.0,0.6859861748810221,0.6315255050464705,0.23909211009368292,61.22313126451127,High,Tree Planting,High priority for tree planting or additional vegetation.,243
85.80200045774143,20.24582563160792,0.064622134,0.25498214,0.21746212,-0.14397801,36.58922654000003,0.0,0.1794664510913416,1.0,0.7566862166913756,0.7585247114799814,0.18234289373765833,61.14296283528727,High,Tree Planting,High priority for tree planting or additional vegetation.,244
85.80218012079824,20.246903609948863,0.13754444,0.120693296,0.14797719,-0.20719676,36.79772576000005,0.0,0.27809215844786017,1.0,0.6292097146053527,0.553808393511414,0.27864722130814823,61.10546662071171,High,Tree Planting,High priority for tree planting or additional vegetation.,245
85.80191062621302,20.24807141981822,0.14508319,0.0787735,0.12662056,-0.23171009,36.85583210000004,0.0,0.3055780113177043,1.0,0.590029010404522,0.4899038573526734,0.31598961991874275,61.076710268313114,High,Tree Planting,High priority for tree planting or additional vegetation.,246
85.80200045774143,20.248161251346637,0.12092487,0.13552067,0.16095889,-0.21351689,36.74645545999999,0.0,0.25383993532738097,1.0,0.6530258385782792,0.5764119495478549,0.2882749958182118,61.057455092156275,High,Tree Planting,High priority for tree planting or additional vegetation.,247
85.80226995232665,20.248340914403457,0.1811293,-0.021132724,0.07762927,-0.3024259,36.97546280000006,0.0,0.36216653193210196,1.0,0.5001499779023384,0.33760204500389096,0.4237145991480463,60.9804120680175,High,Tree Planting,High priority for tree planting or additional vegetation.,248
85.80200045774143,20.245735800079512,0.080627516,0.24765049,0.20239444,-0.14451316,36.61315267999999,0.0,0.190784155214203,1.0,0.7290431703365542,0.7473479945768687,0.1831581148690371,60.96423330593347,High,Tree Planting,High priority for tree planting or additional vegetation.,249
85.8025394469119,20.246723946892043,0.21750875,0.095543936,0.11654637,-0.26501966,36.81139784000004,0.0,0.28455941794664386,1.0,0.5715469812429472,0.5154695097656729,0.36673177696095205,60.93200012430977,High,Tree Planting,High priority for tree planting or additional vegetation.,250
