longitude,latitude,NDVI,NDBI,BSI,NDWI,LST,vegetation_fraction,heat_stress,vegetation_deficit,bare_soil_score,built_up_score,low_moisture_score,priority_score,priority_class,recommendation,planting_rank
85.80137163704254,20.24950872427281,0.16931394,0.22177242,0.21049404,-0.27440146,38.32387169000003,0.0,1.0,1.0,0.7439026323277507,0.7078982305552733,0.38102354863313503,87.04775727680034,Very High,Very high priority for tree planting or vegetation intervention,1
85.8010123109289,20.24968838732964,0.34365535,0.18464051,0.16471295,-0.3504736,38.19227792000001,0.0,0.9377526273241599,1.0,0.6599130073128675,0.6512925761470767,0.49690809696014526,84.51328066049003,Very High,Very high priority for tree planting or vegetation intervention,2
85.80137163704254,20.249598555801224,0.2760807,0.10182559,0.12760824,-0.33655298,38.28285545000003,0.0,0.9805982215036355,1.0,0.5918410003076612,0.5250455626925453,0.4757021106275412,83.30303838292485,Very High,Very high priority for tree planting or vegetation intervention,3
85.80155130009936,20.24950872427281,0.10536277,0.2604474,0.2538078,-0.23163444,37.96839761000001,0.0,0.8318512530315164,1.0,0.8233657132719712,0.7668562144597887,0.3158743784376836,83.13332921899979,Very High,Very high priority for tree planting or vegetation intervention,4
85.80092247940048,20.24968838732964,0.1164006,0.20257099,0.19529663,-0.18593897,38.19227792000001,0.0,0.9377526273241599,1.0,0.7160215843427106,0.6786266549556562,0.24626415186143058,83.12181065303632,Very High,Very high priority for tree planting or vegetation intervention,5
85.80155130009936,20.249329061215988,0.114587724,0.33079466,0.25038353,-0.12505335,37.96839761000001,0.0,0.8318512530315164,1.0,0.817083574658633,0.8740969324331856,0.15351399952826406,82.48790053043949,Very High,Very high priority for tree planting or vegetation intervention,6
85.80146146857095,20.24950872427281,0.13932654,0.19122806,0.22037421,-0.31385824,37.96839761000001,0.0,0.8318512530315164,1.0,0.7620287139344424,0.6613349515243927,0.44113006238098296,82.41061843901589,Very High,Very high priority for tree planting or vegetation intervention,7
85.80119197398571,20.24950872427281,0.14581674,0.11598361,0.131548,-0.21452701,38.32387169000003,0.0,1.0,1.0,0.5990688527910475,0.5466287235701931,0.28981376283536264,82.35045765592126,Very High,Very high priority for tree planting or vegetation intervention,8
85.80128180551412,20.24950872427281,0.14581674,0.11598361,0.131548,-0.21452701,38.32387169000003,0.0,1.0,1.0,0.5990688527910475,0.5466287235701931,0.28981376283536264,82.35045765592126,Very High,Very high priority for tree planting or vegetation intervention,9
85.80137163704254,20.2494188927444,0.116438374,0.10027597,0.13120872,-0.22902924,38.32387169000003,0.0,1.0,1.0,0.5984464123909817,0.5226832480638599,0.31190574517323855,82.3225861182357,Very High,Very high priority for tree planting or vegetation intervention,10
85.80155130009936,20.2494188927444,0.1541298,0.2522695,0.21725087,-0.2445328,37.96839761000001,0.0,0.8318512530315164,1.0,0.7562986591149965,0.7543894336993917,0.3355231042755419,82.19914285741979,Very High,Very high priority for tree planting or vegetation intervention,11
85.8010123109289,20.249329061215988,0.11334624,0.22883172,0.19534238,-0.117669925,38.16664277000004,0.0,0.9256265157639472,1.0,0.7161055169302579,0.7186597641301361,0.1422664538271523,82.11964040644516,Very High,Very high priority for tree planting or vegetation intervention,12
85.80128180551412,20.249059566630752,0.09002828,0.22636102,0.18198262,-0.09267506,38.20595000000003,0.0,0.944219886822957,1.0,0.6915958070764987,0.7148933112235569,0.10419050853338796,81.89137190840565,Very High,Very high priority for tree planting or vegetation intervention,13
85.80119197398571,20.249329061215988,0.073403254,0.16157855,0.14691226,-0.10140204,38.32387169000003,0.0,1.0,1.0,0.6272560024642242,0.6161358245085089,0.11748475969496752,81.74504587899813,Very High,Very high priority for tree planting or vegetation intervention,14
85.80128180551412,20.249329061215988,0.073403254,0.16157855,0.14691226,-0.10140204,38.32387169000003,0.0,1.0,1.0,0.6272560024642242,0.6161358245085089,0.11748475969496752,81.74504587899813,Very High,Very high priority for tree planting or vegetation intervention,15
85.8010123109289,20.249598555801224,0.21396054,0.13904434,0.13019788,-0.2642225,38.19227792000001,0.0,0.9377526273241599,1.0,0.5965919333353269,0.5817836001381027,0.36551742271057397,81.55446804824147,Very High,Very high priority for tree planting or vegetation intervention,16
85.80092247940048,20.249778218858047,0.14508928,0.17124392,0.15072049,-0.18853171,38.19227792000001,0.0,0.9377526273241599,1.0,0.6342425510516524,0.6308701754736855,0.2502138041760542,81.45705688199698,Very High,Very high priority for tree planting or vegetation intervention,17
85.80137163704254,20.249329061215988,0.09149942,0.12803583,0.12749174,-0.14489165,38.32387169000003,0.0,1.0,1.0,0.5916272703306283,0.5650017025031797,0.18373468787850267,81.36177295877623,Very High,Very high priority for tree planting or vegetation intervention,18
85.80164113162778,20.2494188927444,0.11943957,0.24247456,0.21073996,-0.20694864,37.96839761000001,0.0,0.8318512530315164,1.0,0.744353795211458,0.7394575600470797,0.2782692475304829,81.29811259489298,Very High,Very high priority for tree planting or vegetation intervention,19
85.80164113162778,20.249329061215988,0.1132686,0.2573759,0.21577288,-0.17987803,37.96839761000001,0.0,0.8318512530315164,1.0,0.7535871503703216,0.7621738733813261,0.2370312146213699,81.25139572652729,Very High,Very high priority for tree planting or vegetation intervention,20
85.80137163704254,20.249059566630752,0.041036703,0.21727835,0.16996667,-0.07685434,38.20595000000003,0.0,0.944219886822957,1.0,0.6695514404024508,0.7010472559270831,0.08009000352053963,81.18124080520171,Very High,Very high priority for tree planting or vegetation intervention,21
85.8010123109289,20.249778218858047,0.34963462,0.094133176,0.08417957,-0.35153392,38.19227792000001,0.0,0.9377526273241599,1.0,0.5121671063878112,0.5133188799431587,0.49852333618283695,80.93350757680192,Very High,Very high priority for tree planting or vegetation intervention,22
85.80092247940048,20.249598555801224,0.17049646,0.123805486,0.13480663,-0.20926143,38.19227792000001,0.0,0.9377526273241599,1.0,0.605047109572663,0.5585527643663645,0.28179243781440566,80.61173748512243,Very High,Very high priority for tree planting or vegetation intervention,23
85.80137163704254,20.249149398159165,0.13151601,0.1776156,0.15209211,-0.10354476,38.20595000000003,0.0,0.944219886822957,1.0,0.63675891423704,0.6405834683282577,0.12074887372398335,80.49130373876672,Very High,Very high priority for tree planting or vegetation intervention,24
85.80110214245731,20.249329061215988,0.109699,0.17029254,0.15006264,-0.13203683,38.16664277000004,0.0,0.9256265157639472,1.0,0.6330356646534465,0.6294198464307984,0.16415228873047005,80.2000517943328,Very High,Very high priority for tree planting or vegetation intervention,25
85.80155130009936,20.249059566630752,0.113924064,0.29768556,0.23047082,-0.12772319,37.86072998000003,0.0,0.7809215844785746,1.0,0.7805518746503955,0.8236238414350003,0.15758110218247334,79.9479750902879,High,High priority for tree planting or additional vegetation,26
85.8010123109289,20.24923922968757,0.171738,0.23911588,0.19423814,-0.10667315,38.01624989000001,0.0,0.8544866612772728,1.0,0.7140796869745614,0.7343374280811313,0.12551450884533966,79.9443145122013,High,High priority for tree planting or additional vegetation,27
85.80128180551412,20.249149398159165,0.1657083,0.17007813,0.1479777,-0.081474304,38.20595000000003,0.0,0.944219886822957,1.0,0.6292106502473123,0.6290929896016813,0.0871278289508095,79.9269645439233,High,High priority for tree planting or additional vegetation,28
85.80119197398571,20.249059566630752,0.09722226,0.15053761,0.13568833,-0.122956656,38.20595000000003,0.0,0.944219886822957,1.0,0.606664669407425,0.5993044890350135,0.15031999923893402,79.92281152853955,High,High priority for tree planting or additional vegetation,29
85.80119197398571,20.2494188927444,0.08151897,0.045576416,0.10214912,-0.16118509,38.32387169000003,0.0,1.0,1.0,0.5451339004546669,0.43929663934897056,0.20855531123803006,79.65552801269,High,High priority for tree planting or additional vegetation,30
85.80128180551412,20.2494188927444,0.08151897,0.045576416,0.10214912,-0.16118509,38.32387169000003,0.0,1.0,1.0,0.5451339004546669,0.43929663934897056,0.20855531123803006,79.65552801269,High,High priority for tree planting or additional vegetation,31
85.80092247940048,20.249329061215988,0.09170581,0.13599208,0.14547957,-0.13430893,38.16664277000004,0.0,0.9256265157639472,1.0,0.6246276007406616,0.5771305894331872,0.16761349387408497,79.58565031710104,High,High priority for tree planting or additional vegetation,32
85.80110214245731,20.24968838732964,0.5253968,-0.035932466,0.019072002,-0.5035202,38.19227792000001,0.0,0.9377526273241599,1.0,0.3927212779474878,0.31504061250600784,0.7300517434249955,79.47432154824713,High,High priority for tree planting or additional vegetation,33
85.80056315328683,20.24968838732964,0.09812568,0.254305,0.19699153,-0.14307572,37.918836320000025,0.0,0.8084074373484188,1.0,0.7191310344549235,0.7574924469714773,0.18096838962734962,79.42379700326468,High,High priority for tree planting or additional vegetation,34
85.80110214245731,20.250047713443283,0.13819692,0.15962341,0.17339057,-0.22658996,37.97523365000001,0.0,0.8350848827809083,1.0,0.6758329002167205,0.6131553158527558,0.3081898662582624,79.40349180778823,High,High priority for tree planting or additional vegetation,35
85.80092247940048,20.24995788191487,0.17071865,0.17893946,0.16057312,-0.22607721,37.97523365000001,0.0,0.8350848827809083,1.0,0.6523181079925289,0.6426016236465496,0.30740876818274265,79.33742202160809,High,High priority for tree planting or additional vegetation,36
85.80065298481524,20.2494188927444,0.1667708,0.21611412,0.1997165,-0.22894737,37.853893940000034,0.0,0.7776879547291828,1.0,0.724130242828442,0.6992724481934746,0.3117810284507757,79.30312705074462,High,High priority for tree planting or additional vegetation,37
85.80065298481524,20.24968838732964,0.14633246,0.23549658,0.1971303,-0.15313308,37.918836320000025,0.0,0.8084074373484188,1.0,0.7193856207975229,0.7288199945583315,0.19628927610381974,79.29410013903691,High,High priority for tree planting or additional vegetation,38
85.80128180551412,20.24887990357393,0.1353856,0.23845471,0.19492269,-0.20477694,37.86072998000003,0.0,0.7809215844785746,1.0,0.7153355569812375,0.7333295090022295,0.27496098679794967,79.24058584707758,High,High priority for tree planting or additional vegetation,39
85.80155130009936,20.249149398159165,0.09775869,0.31015885,0.2222439,-0.0822755,37.86072998000003,0.0,0.7809215844785746,1.0,0.7654588323958874,0.8426387195566271,0.08834833144464516,79.21940053030826,High,High priority for tree planting or additional vegetation,40
85.80092247940048,20.24950872427281,0.19254343,0.06243727,0.10379945,-0.25808188,38.16664277000004,0.0,0.9256265157639472,1.0,0.5481615827979841,0.46500012927316403,0.3561631048861009,79.20285155648082,High,High priority for tree planting or additional vegetation,41
85.80092247940048,20.24986805038646,0.18715158,0.1690821,0.15481481,-0.23433621,37.97523365000001,0.0,0.8350848827809083,1.0,0.6417539580865425,0.6275745939694557,0.31999012167999896,79.15450301121993,High,High priority for tree planting or additional vegetation,42
85.80065298481524,20.249598555801224,0.19042803,0.21054985,0.17369765,-0.20834757,37.918836320000025,0.0,0.8084074373484188,1.0,0.6763962667518897,0.6907900096479245,0.28040030853640574,79.1100703035742,High,High priority for tree planting or additional vegetation,43
85.80155130009936,20.24923922968757,0.10034603,0.3252501,0.21578638,-0.064562395,37.86072998000003,0.0,0.7809215844785746,1.0,0.7536119173633683,0.8656445407515965,0.061365060402264526,79.00192230634636,High,High priority for tree planting or additional vegetation,44
85.80119197398571,20.24923922968757,0.1724797,0.12325829,0.11121238,-0.118505016,38.20595000000003,0.0,0.944219886822957,1.0,0.5617612854473002,0.5577185926884317,0.14353859029323512,78.7655877162149,High,High priority for tree planting or additional vegetation,45
85.80119197398571,20.249149398159165,0.14392523,0.1244635,0.11220383,-0.113233306,38.20595000000003,0.0,0.944219886822957,1.0,0.5635801917625716,0.5595558722883581,0.1355079271324383,78.73093747533527,High,High priority for tree planting or additional vegetation,46
85.80074281634366,20.2494188927444,0.08905452,0.26268262,0.20095044,-0.1330612,37.853893940000034,0.0,0.7776879547291828,1.0,0.7263940193765946,0.7702636904244317,0.1657127634952097,78.58631347172081,High,High priority for tree planting or additional vegetation,47
85.80056315328683,20.249329061215988,0.19035847,0.20149252,0.18385145,-0.21475875,37.853893940000034,0.0,0.7776879547291828,1.0,0.6950243477887571,0.6769825838559038,0.29016678412843133,78.4274975385502,High,High priority for tree planting or additional vegetation,48
85.80056315328683,20.249598555801224,0.15115112,0.22174598,0.16698432,-0.16161616,37.918836320000025,0.0,0.8084074373484188,1.0,0.6640800447200165,0.7078579241583616,0.20921198202772162,78.38412285311365,High,High priority for tree planting or additional vegetation,49
85.80110214245731,20.250407039556933,0.074405655,0.25513697,0.24992947,-0.20124266,37.67615690000002,0.0,0.6936135812449377,1.0,0.8162505597799077,0.7587607417157549,0.2695770388577289,78.33554363978158,High,High priority for tree planting or additional vegetation,50
85.80074281634366,20.24968838732964,0.121030554,0.20433767,0.17282772,-0.16391914,37.918836320000025,0.0,0.8084074373484188,1.0,0.6748003000658803,0.681319866199836,0.21272022824119918,78.31462856585112,High,High priority for tree planting or additional vegetation,51
85.80137163704254,20.24923922968757,0.12009608,0.09537668,0.10701547,-0.11875248,38.20595000000003,0.0,0.944219886822957,1.0,0.5540616676111758,0.515214536742909,0.1439155647528363,78.2288226338138,High,High priority for tree planting or additional vegetation,52
85.80065298481524,20.249778218858047,0.16157208,0.18481848,0.16151945,-0.19778319,37.918836320000025,0.0,0.8084074373484188,1.0,0.6540542375132619,0.6515638821023865,0.2643070527839725,78.22174603201508,High,High priority for tree planting or additional vegetation,53
85.80137163704254,20.24887990357393,0.16864605,0.22151902,0.17381561,-0.19293384,37.86072998000003,0.0,0.7809215844785746,1.0,0.6766126752333556,0.7075119355107405,0.2569197920282007,78.22115493824697,High,High priority for tree planting or additional vegetation,54
85.80119197398571,20.24887990357393,0.1450285,0.21340002,0.1780276,-0.19261216,37.86072998000003,0.0,0.7809215844785746,1.0,0.6843399587180091,0.6951349447192582,0.2564297605724557,78.2083939680445,High,High priority for tree planting or additional vegetation,55
85.80128180551412,20.24923922968757,0.16167668,0.109777585,0.09871622,-0.11199297,38.20595000000003,0.0,0.944219886822957,1.0,0.5388359293116997,0.5371679630976338,0.13361846040869774,78.11699977942752,High,High priority for tree planting or additional vegetation,56
85.80092247940048,20.250047713443283,0.14278655,0.14428414,0.14015824,-0.20594369,37.97523365000001,0.0,0.8350848827809083,1.0,0.6148651308807161,0.5897714011418235,0.27673835623649234,77.94062102042113,High,High priority for tree planting or additional vegetation,57
85.80074281634366,20.249778218858047,0.12686354,0.17145813,0.16286473,-0.18978317,37.918836320000025,0.0,0.8084074373484188,1.0,0.6565222775433271,0.6311967274132646,0.2521202166530704,77.93322672426581,High,High priority for tree planting or additional vegetation,58
85.80146146857095,20.2494188927444,0.14513981,0.053280476,0.12782167,-0.3222632,37.96839761000001,0.0,0.8318512530315164,1.0,0.5922325572947693,0.45104107581614966,0.453933764147577,77.88877435000431,High,High priority for tree planting or additional vegetation,59
85.80146146857095,20.249059566630752,0.079601966,0.26664415,0.1943674,-0.08391605,37.86072998000003,0.0,0.7809215844785746,1.0,0.7143168263465034,0.7763028356800274,0.09084746444863145,77.81390293084137,High,High priority for tree planting or additional vegetation,60
85.80065298481524,20.249329061215988,0.12303207,0.20149252,0.18158635,-0.17798166,37.853893940000034,0.0,0.7776879547291828,1.0,0.6908688132739342,0.6769825838559038,0.23414237803926652,77.80492045993621,High,High priority for tree planting or additional vegetation,61
85.80110214245731,20.250137544971697,0.1029149,0.17636609,0.18861721,-0.17564997,37.86756602,0.0,0.7841552142279531,1.0,0.7037675733281867,0.638678655695684,0.23059039642696255,77.77386054798787,High,High priority for tree planting or additional vegetation,62
85.80065298481524,20.24950872427281,0.19288026,0.1900681,0.1670109,-0.212899,37.853893940000034,0.0,0.7776879547291828,1.0,0.6641288081774374,0.6595666531824187,0.28733373264925444,77.76157462285379,High,High priority for tree planting or additional vegetation,63
85.80110214245731,20.25031720802852,0.120460056,0.16527618,0.16743782,-0.2201714,37.86756602,0.0,0.7841552142279531,1.0,0.6649120322271782,0.6217726680188314,0.2984121483380118,77.70018507381471,High,High priority for tree planting or additional vegetation,64
85.8010123109289,20.249149398159165,0.13995582,0.17796883,0.15453805,-0.08991134,38.01624989000001,0.0,0.8544866612772728,1.0,0.6412462163831641,0.6411219489856386,0.0999803937147129,77.66431651106916,High,High priority for tree planting or additional vegetation,65
85.8010123109289,20.249059566630752,0.07375453,0.15745793,0.15347591,-0.111815564,38.01624989000001,0.0,0.8544866612772728,1.0,0.6392976227539319,0.6098541548699823,0.1333482088529968,77.65608781685694,High,High priority for tree planting or additional vegetation,66
85.8010123109289,20.24995788191487,0.20965753,0.12337082,0.11607142,-0.2512742,37.97523365000001,0.0,0.8350848827809083,1.0,0.5706756417357223,0.5578901387869372,0.3457926207383588,77.64950870471603,High,High priority for tree planting or additional vegetation,67
85.80110214245731,20.250227376500103,0.13923307,0.14462899,0.17103547,-0.22954474,37.86756602,0.0,0.7841552142279531,1.0,0.6715122524149194,0.5902971069275659,0.3126910324632053,77.6272216069701,High,High priority for tree planting or additional vegetation,68
85.80092247940048,20.25031720802852,0.13116725,0.18720278,0.17120896,-0.18462506,37.86756602,0.0,0.7841552142279531,1.0,0.6718305357944508,0.6551986227285882,0.24426260613270068,77.59672675236824,High,High priority for tree planting or additional vegetation,69
85.8010123109289,20.250047713443283,0.13737077,0.14491948,0.14403777,-0.17021278,37.97523365000001,0.0,0.8350848827809083,1.0,0.6219824858832727,0.5907399437369042,0.22230764919100832,77.51275970095544,High,High priority for tree planting or additional vegetation,70
85.80119197398571,20.24879007204552,0.14494024,0.17382154,0.16066556,-0.21510369,37.86072998000003,0.0,0.7809215844785746,1.0,0.6524876976841761,0.6347996223272315,0.290692248721644,77.46988171010862,High,High priority for tree planting or additional vegetation,71
85.80092247940048,20.250137544971697,0.08869393,0.161254,0.17942017,-0.18577492,37.86756602,0.0,0.7841552142279531,1.0,0.6868947566074209,0.6156410650108644,0.24601424617778545,77.44463088783641,High,High priority for tree planting or additional vegetation,72
85.8010123109289,20.25031720802852,0.088309534,0.17175163,0.17054884,-0.18824613,37.86756602,0.0,0.7841552142279531,1.0,0.670619484872229,0.6316441528101485,0.24977876568086754,77.3981778848322,High,High priority for tree planting or additional vegetation,73
85.80137163704254,20.24879007204552,0.14674255,0.19689925,0.16458245,-0.17689061,37.86072998000003,0.0,0.7809215844785746,1.0,0.6596735930467493,0.6699803840169098,0.23248032624931825,77.34735853272075,High,High priority for tree planting or additional vegetation,74
85.8010123109289,20.250227376500103,0.06670073,0.13635422,0.181548,-0.19461936,37.86756602,0.0,0.7841552142279531,1.0,0.6907984566677607,0.577682652919482,0.25948743011352515,77.25833410718508,High,High priority for tree planting or additional vegetation,75
85.80074281634366,20.24950872427281,0.13073713,0.21958244,0.17042297,-0.14265634,37.853893940000034,0.0,0.7776879547291828,1.0,0.6703885647674297,0.7045597206041057,0.18032952680743441,77.23535958750233,High,High priority for tree planting or additional vegetation,76
85.80110214245731,20.249059566630752,0.09722226,0.15053761,0.13568833,-0.122956656,38.01624989000001,0.0,0.8544866612772728,1.0,0.606664669407425,0.5993044890350135,0.15031999923893402,77.23081476216903,High,High priority for tree planting or additional vegetation,77
85.80110214245731,20.24995788191487,0.30886534,0.043264717,0.07856298,-0.36569577,37.97523365000001,0.0,0.8350848827809083,1.0,0.501862954871053,0.43577257514947815,0.5200968004067285,77.13918456205509,High,High priority for tree planting or additional vegetation,78
85.8010123109289,20.250137544971697,0.09985528,0.15131213,0.17261764,-0.18349339,37.86756602,0.0,0.7841552142279531,1.0,0.6744148889622319,0.6004852042595263,0.24253867583699418,77.07111856223729,High,High priority for tree planting or additional vegetation,79
85.80092247940048,20.250227376500103,0.092760816,0.16085392,0.1709527,-0.17455621,37.86756602,0.0,0.7841552142279531,1.0,0.671360403228662,0.615031163979228,0.22892421635659588,77.03461627862677,High,High priority for tree planting or additional vegetation,80
85.80164113162778,20.24950872427281,0.09144981,0.15111794,0.14765418,-0.123182856,37.96839761000001,0.0,0.8318512530315164,1.0,0.6286171230183882,0.600189171762692,0.15066458116908044,76.89333196553905,High,High priority for tree planting or additional vegetation,81
85.80056315328683,20.249778218858047,0.10546087,0.13556258,0.15516996,-0.1703885,37.918836320000025,0.0,0.8084074373484188,1.0,0.6424055134628788,0.576475839150524,0.22257533237741545,76.87881753767513,High,High priority for tree planting or additional vegetation,82
85.80047332175842,20.24968838732964,0.20229372,0.12273361,0.113912515,-0.25548902,37.918836320000025,0.0,0.8084074373484188,1.0,0.5667149317265732,0.556918745474677,0.3522132697693924,76.84426724879185,High,High priority for tree planting or additional vegetation,83
85.80155130009936,20.24879007204552,0.16982509,0.2560834,0.21209258,-0.22800307,37.61463254,0.0,0.6645109135003875,1.0,0.7468353011473723,0.7602035247425787,0.3103425283772244,76.84331745342024,High,High priority for tree planting or additional vegetation,84
85.80038349023,20.2494188927444,0.19936712,0.12953606,0.1386638,-0.25871804,37.853893940000034,0.0,0.7776879547291828,1.0,0.6121234430963659,0.5672887246604781,0.3571321996724932,76.7566995316507,High,High priority for tree planting or additional vegetation,85
85.8010123109289,20.2494188927444,0.061570045,0.051352605,0.097005986,-0.119588755,38.16664277000004,0.0,0.9256265157639472,1.0,0.5356983475645699,0.44810213732444304,0.14518950486615723,76.73718710829296,High,High priority for tree planting or additional vegetation,86
85.80092247940048,20.24923922968757,0.114275016,0.108780354,0.13113225,-0.13902718,38.01624989000001,0.0,0.8544866612772728,1.0,0.5983061211348126,0.535647736603733,0.17480104335204005,76.7136794548981,High,High priority for tree planting or additional vegetation,87
85.80083264787207,20.24968838732964,0.071446456,0.13986717,0.15426318,-0.15109076,37.918836320000025,0.0,0.8084074373484188,1.0,0.6407419420588123,0.5830379614304977,0.19317810648588574,76.6255129304986,High,High priority for tree planting or additional vegetation,88
85.80110214245731,20.249778218858047,0.5684476,-0.1207603,-0.06368688,-0.5485624,38.19227792000001,0.0,0.9377526273241599,1.0,0.24089248868469473,0.18572501695490717,0.7986668106842425,76.58988442638672,High,High priority for tree planting or additional vegetation,89
85.80065298481524,20.25031720802852,0.08393424,0.19649346,0.1910387,-0.17181168,37.758189380000005,0.0,0.7324171382376566,1.0,0.7082100196980152,0.669361778388966,0.2247433346380071,76.53671557286965,High,High priority for tree planting or additional vegetation,90
85.80074281634366,20.249598555801224,0.1036331,0.15657715,0.14100395,-0.15093164,37.918836320000025,0.0,0.8084074373484188,1.0,0.6164166637466076,0.6085114518339776,0.19293571092123107,76.51294470420376,High,High priority for tree planting or additional vegetation,91
85.80164113162778,20.24923922968757,0.1329158,0.1463031,0.1495562,-0.19970524,37.86072998000003,0.0,0.7809215844785746,1.0,0.6321065538417001,0.5928492000491237,0.26723500901225705,76.51008793259653,High,High priority for tree planting or additional vegetation,92
85.80128180551412,20.24879007204552,0.14694108,0.1632951,0.14526485,-0.1831318,37.86072998000003,0.0,0.7809215844785746,1.0,0.6242336771297734,0.6187526151900113,0.24198784745449353,76.39855731774888,High,High priority for tree planting or additional vegetation,93
85.80056315328683,20.2494188927444,0.122760795,0.15251538,0.15533611,-0.17930269,37.853893940000034,0.0,0.7776879547291828,1.0,0.6427103309365612,0.6023194959419812,0.23615477002503726,76.3560362655941,High,High priority for tree planting or additional vegetation,94
85.8010123109289,20.24950872427281,0.09552983,0.04584981,0.074962355,-0.13600002,38.16664277000004,0.0,0.9256265157639472,1.0,0.49525727677188114,0.4397134142006082,0.17018961702285307,76.29668493673124,High,High priority for tree planting or additional vegetation,95
85.80092247940048,20.2494188927444,0.1278309,0.011468931,0.06875499,-0.18071654,38.16664277000004,0.0,0.9256265157639472,1.0,0.4838692941205177,0.38730156264425086,0.23830855942352325,76.2829361054039,High,High priority for tree planting or additional vegetation,96
85.80146146857095,20.249329061215988,0.09297298,0.083824195,0.12244898,-0.19538872,37.96839761000001,0.0,0.8318512530315164,1.0,0.5823758627857217,0.49760337767606116,0.2606594352142212,76.27380366163415,High,High priority for tree planting or additional vegetation,97
85.80083264787207,20.24995788191487,0.112028636,0.17919542,0.16757174,-0.18301609,37.78211552000002,0.0,0.7437348423605415,1.0,0.6651577207982017,0.6429918212771676,0.24181158054407237,76.13744510100167,High,High priority for tree planting or additional vegetation,98
85.80110214245731,20.24923922968757,0.1724797,0.12325829,0.11121238,-0.118505016,38.01624989000001,0.0,0.8544866612772728,1.0,0.5617612854473002,0.5577185926884317,0.14353859029323512,76.07359094984436,High,High priority for tree planting or additional vegetation,99
85.80110214245731,20.249149398159165,0.14392523,0.1244635,0.11220383,-0.113233306,38.01624989000001,0.0,0.8544866612772728,1.0,0.5635801917625716,0.5595558722883581,0.1355079271324383,76.03894070896473,High,High priority for tree planting or additional vegetation,100
85.80074281634366,20.249329061215988,0.06885453,0.17731552,0.16301705,-0.11588844,37.853893940000034,0.0,0.7776879547291828,1.0,0.6568017226085772,0.6401260120655766,0.13955262739113594,75.97945087557126,High,High priority for tree planting or additional vegetation,101
85.80164113162778,20.249059566630752,0.1352657,0.12942813,0.13286509,-0.21017057,37.86072998000003,0.0,0.7809215844785746,1.0,0.6014851756704471,0.5671241910213446,0.2831773768770641,75.95294084839801,High,High priority for tree planting or additional vegetation,102
85.80146146857095,20.24887990357393,0.12179257,0.27033383,0.21156822,-0.15562177,37.61463254,0.0,0.6645109135003875,1.0,0.7458733144455963,0.7819275598312181,0.20008042377727742,75.94350695778051,High,High priority for tree planting or additional vegetation,103
85.80074281634366,20.24995788191487,0.08844663,0.19154178,0.17657705,-0.13880853,37.78211552000002,0.0,0.7437348423605415,1.0,0.6816787911799418,0.6618132012535594,0.17446796271973886,75.90003877824836,High,High priority for tree planting or additional vegetation,104
85.80146146857095,20.24879007204552,0.1632879,0.26261684,0.20736313,-0.16500555,37.61463254,0.0,0.6645109135003875,1.0,0.7381586896462778,0.770163412255413,0.2143752116838622,75.85309398909855,High,High priority for tree planting or additional vegetation,105
85.80038349023,20.249778218858047,0.09991266,0.12247269,0.13013698,-0.15686275,37.918836320000025,0.0,0.8084074373484188,1.0,0.5964802066778051,0.5565209865835188,0.20197087153887394,75.78434480184356,High,High priority for tree planting or additional vegetation,106
85.80137163704254,20.24852057746028,0.33706868,0.20035274,0.14956832,-0.3510131,37.58728838000002,0.0,0.6515763945028201,1.0,0.6321287890976798,0.6752450488683048,0.49772994466710374,75.75897360690388,High,High priority for tree planting or additional vegetation,107
85.80047332175842,20.249329061215988,0.15964319,0.13213629,0.13115482,-0.20178513,37.853893940000034,0.0,0.7776879547291828,1.0,0.5983475278780026,0.5712526392762849,0.27040341091628994,75.72241206197128,High,High priority for tree planting or additional vegetation,108
85.8010123109289,20.24986805038646,0.31474862,0.065537654,0.037456144,-0.3235788,37.97523365000001,0.0,0.8350848827809083,1.0,0.4264486792129527,0.4697265024986917,0.4559378843390034,75.70592053999849,High,High priority for tree planting or additional vegetation,109
85.80119197398571,20.24852057746028,0.1980198,0.23093218,0.18954812,-0.24145007,37.58728838000002,0.0,0.6515763945028201,1.0,0.7054754134390842,0.7218618055241349,0.3308270253475122,75.65631134538734,High,High priority for tree planting or additional vegetation,110
85.80164113162778,20.249149398159165,0.13700472,0.12709461,0.12731406,-0.20284194,37.86072998000003,0.0,0.7809215844785746,1.0,0.5913013000102921,0.5635668618488184,0.27201330317799666,75.65296868477976,High,High priority for tree planting or additional vegetation,111
85.80092247940048,20.249059566630752,0.07742097,0.10095552,0.10557327,-0.121824756,38.01624989000001,0.0,0.8544866612772728,1.0,0.5514158189169559,0.5237191864912958,0.1485957185725646,75.62898617271114,High,High priority for tree planting or additional vegetation,112
85.80065298481524,20.250407039556933,0.14747234,0.19088799,0.18642648,-0.21971384,37.65735779000002,0.0,0.6847210994341068,1.0,0.6997484774261701,0.6608165325986064,0.29771512398806566,75.62317671028246,High,High priority for tree planting or additional vegetation,113
85.80155130009936,20.24887990357393,0.15349165,0.24971178,0.2016005,-0.17008269,37.61463254,0.0,0.6645109135003875,1.0,0.7275866143025165,0.7504903233548679,0.2221094764974063,75.57512461807211,High,High priority for tree planting or additional vegetation,114
85.80038349023,20.24968838732964,0.2605092,0.06294016,0.08242246,-0.28796127,37.918836320000025,0.0,0.8084074373484188,1.0,0.5089435263024549,0.4657667587717634,0.40167989479679067,75.56084255067493,High,High priority for tree planting or additional vegetation,115
85.80074281634366,20.250137544971697,0.10325938,0.16275205,0.16210197,-0.19136348,37.758189380000005,0.0,0.7324171382376566,1.0,0.6551229240902672,0.6179247638721995,0.2545275830104078,75.52388147730977,High,High priority for tree planting or additional vegetation,116
85.80074281634366,20.24986805038646,0.17394935,0.15825185,0.1417415,-0.20790376,37.78211552000002,0.0,0.7437348423605415,1.0,0.6177697671333929,0.6110644443796723,0.2797242302586944,75.4864785242008,High,High priority for tree planting or additional vegetation,117
85.80083264787207,20.24950872427281,0.13755523,0.13640428,0.1345609,-0.17457421,37.853893940000034,0.0,0.7776879547291828,1.0,0.6045962952614505,0.577758966770821,0.2289516366693395,75.46668910519885,High,High priority for tree planting or additional vegetation,118
85.80056315328683,20.24950872427281,0.14448054,0.1229525,0.12779383,-0.1983003,37.853893940000034,0.0,0.7776879547291828,1.0,0.5921814822513307,0.5572524318294433,0.26509479266857916,75.43683312062566,High,High priority for tree planting or additional vegetation,119
85.80083264787207,20.249598555801224,0.10669847,0.09738715,0.118222676,-0.17979115,37.918836320000025,0.0,0.8084074373484188,1.0,0.5746223189500704,0.5182793930893249,0.23689886591186005,75.42334049471546,High,High priority for tree planting or additional vegetation,120
85.80047332175842,20.24950872427281,0.17970659,0.112235494,0.114899926,-0.22500794,37.853893940000034,0.0,0.7776879547291828,1.0,0.5685264281244433,0.5409149167938158,0.3057798949712144,75.32548318139244,High,High priority for tree planting or additional vegetation,121
85.80047332175842,20.2494188927444,0.15459529,0.12901744,0.13143192,-0.17497678,37.853893940000034,0.0,0.7776879547291828,1.0,0.5988558933426874,0.566498115599722,0.22956489196385355,75.27410711765155,High,High priority for tree planting or additional vegetation,122
85.80038349023,20.249329061215988,0.30822122,0.058317218,0.08784599,-0.321256,37.853893940000034,0.0,0.7776879547291828,1.0,0.5188934914727243,0.4587193255209251,0.4523994453144935,75.22522872232054,High,High priority for tree planting or additional vegetation,123
85.80092247940048,20.250407039556933,0.14545453,0.18901524,0.1708205,-0.20535713,37.67615690000002,0.0,0.6936135812449377,1.0,0.6711178701560119,0.6579616231879957,0.275844819645216,75.21323991802042,High,High priority for tree planting or additional vegetation,124
85.80074281634366,20.250047713443283,0.10138852,0.14186572,0.15043347,-0.18623026,37.78211552000002,0.0,0.7437348423605415,1.0,0.6337159864335585,0.5860846463604543,0.24670788868915983,75.14571041781576,High,High priority for tree planting or additional vegetation,125
85.80164113162778,20.24879007204552,0.13464051,0.21907331,0.19225654,-0.18904111,37.61463254,0.0,0.6645109135003875,1.0,0.7104442593137196,0.7037835785519234,0.25098979902670226,75.13972507050367,High,High priority for tree planting or additional vegetation,126
85.80083264787207,20.249778218858047,0.1296565,0.09618733,0.11041841,-0.17366174,37.918836320000025,0.0,0.8084074373484188,1.0,0.5603046743755002,0.5164503302624452,0.22756162484882358,75.09691278719775,High,High priority for tree planting or additional vegetation,127
85.80083264787207,20.249329061215988,0.045308415,0.14141656,0.1480103,-0.11610488,37.853893940000034,0.0,0.7776879547291828,1.0,0.6292704579490399,0.5853999254362146,0.1398823414183724,75.02251817965696,High,High priority for tree planting or additional vegetation,128
85.80110214245731,20.2494188927444,0.051528003,-0.0036193293,0.07536719,-0.09627907,38.16664277000004,0.0,0.9256265157639472,1.0,0.4959999838555898,0.36430029909053885,0.10968067971847661,74.9486050188424,High,High priority for tree planting or additional vegetation,129
85.8010123109289,20.250407039556933,0.08721423,0.17990206,0.18195285,-0.17188928,37.67615690000002,0.0,0.6936135812449377,1.0,0.6915411912703505,0.6440690569925135,0.22486154665294678,74.870831342858,High,High priority for tree planting or additional vegetation,130
85.80047332175842,20.249778218858047,0.16345891,0.05897831,0.095943525,-0.22174777,37.918836320000025,0.0,0.8084074373484188,1.0,0.5337491650312808,0.45972712569290713,0.3008135126935597,74.86386697978644,High,High priority for tree planting or additional vegetation,131
85.80083264787207,20.24986805038646,0.17185877,0.12502421,0.12650299,-0.22099003,37.78211552000002,0.0,0.7437348423605415,1.0,0.5898133174139664,0.5604106453523675,0.2996592089280904,74.75994357483032,High,High priority for tree planting or additional vegetation,132
85.80146146857095,20.249149398159165,0.06043956,0.1879383,0.1430973,-0.053685162,37.86072998000003,0.0,0.7809215844785746,1.0,0.620257107072114,0.6563198844932083,0.044795219810785936,74.74265518347887,High,High priority for tree planting or additional vegetation,133
85.80083264787207,20.250047713443283,0.090062134,0.14093414,0.1434668,-0.17260581,37.78211552000002,0.0,0.7437348423605415,1.0,0.620934988844763,0.5846645013818202,0.22595307313573987,74.73224584866328,High,High priority for tree planting or additional vegetation,134
85.80083264787207,20.250227376500103,0.09464144,0.123398796,0.16199167,-0.1778543,37.758189380000005,0.0,0.7324171382376566,1.0,0.6549205685841152,0.5579327867355001,0.23394836409309738,74.71513418417739,High,High priority for tree planting or additional vegetation,135
85.80083264787207,20.250137544971697,0.0912362,0.13699189,0.15481913,-0.17552602,37.758189380000005,0.0,0.7324171382376566,1.0,0.6417618835243175,0.5786547474776793,0.23040157710670783,74.68950564583832,High,High priority for tree planting or additional vegetation,136
85.80038349023,20.24986805038646,0.10316594,0.13761471,0.14055058,-0.17261386,37.78211552000002,0.0,0.7437348423605415,1.0,0.6155849147364159,0.5796042039876868,0.2259653361089392,74.60151439282873,High,High priority for tree planting or additional vegetation,137
85.80074281634366,20.250227376500103,0.10715278,0.13896103,0.15363662,-0.16656889,37.758189380000005,0.0,0.7324171382376566,1.0,0.6395924600467124,0.581656598401086,0.21675672677968505,74.55053429963809,High,High priority for tree planting or additional vegetation,138
85.80065298481524,20.250227376500103,0.12828599,0.13187702,0.14491266,-0.18859039,37.758189380000005,0.0,0.7324171382376566,1.0,0.6235875521459866,0.5708573957238144,0.2503031943955988,74.53793333051362,High,High priority for tree planting or additional vegetation,139
85.80128180551412,20.24896973510234,0.10579756,0.11807734,0.118200675,-0.1533994,37.86072998000003,0.0,0.7809215844785746,1.0,0.5745819560897725,0.5498205054312412,0.1966949748643705,74.51153167865994,High,High priority for tree planting or additional vegetation,140
85.80092247940048,20.249149398159165,0.092487454,0.061388426,0.090754606,-0.114061974,38.01624989000001,0.0,0.8544866612772728,1.0,0.5242296153429138,0.4634012214606623,0.13677027911692352,74.49975907423774,High,High priority for tree planting or additional vegetation,141
85.80065298481524,20.250047713443283,0.30863443,0.08204465,0.08619918,-0.30743346,37.78211552000002,0.0,0.7437348423605415,1.0,0.5158722668935201,0.49489055441235524,0.43134286921932863,74.31246351053589,High,High priority for tree planting or additional vegetation,142
85.80155130009936,20.24896973510234,0.12651515,0.242486,0.17905793,-0.13381623,37.61463254,0.0,0.6645109135003875,1.0,0.686230193973255,0.7394749997286483,0.16686293898026028,74.29215970169953,High,High priority for tree planting or additional vegetation,143
85.80047332175842,20.24986805038646,0.14366196,0.08838542,0.12281612,-0.22524002,37.78211552000002,0.0,0.7437348423605415,1.0,0.5830494149210675,0.5045567265888433,0.3061334342035238,74.16468810255593,High,High priority for tree planting or additional vegetation,144
85.80056315328683,20.250227376500103,0.12101595,0.10833829,0.13804713,-0.1906903,37.758189380000005,0.0,0.7324171382376566,1.0,0.6109921051999129,0.5349738331602983,0.2535020937808057,74.02215499453942,High,High priority for tree planting or additional vegetation,145
85.80164113162778,20.24887990357393,0.13294797,0.18547682,0.17304964,-0.18222219,37.61463254,0.0,0.6645109135003875,1.0,0.6752074327397266,0.6525674869943269,0.24060219241700243,73.99513569022082,High,High priority for tree planting or additional vegetation,146
85.80173096315619,20.248700240517103,0.036998443,0.2685168,0.22989438,-0.13229017,37.45398560000001,0.0,0.5885206143896388,1.0,0.7794943423932218,0.7791575926458693,0.1645382143988312,73.7849916380345,High,High priority for tree planting or additional vegetation,147
85.80074281634366,20.25031720802852,0.11642916,0.1179095,0.13413826,-0.17023674,37.758189380000005,0.0,0.7324171382376566,1.0,0.6038209232658015,0.5495646421310266,0.22234414867397156,73.7489159041667,High,High priority for tree planting or additional vegetation,148
85.80065298481524,20.24995788191487,0.33793932,0.047680147,0.06411026,-0.34399518,37.78211552000002,0.0,0.7437348423605415,1.0,0.4753481092602319,0.442503667211362,0.4870391912665146,73.7376954944985,High,High priority for tree planting or additional vegetation,149
85.80173096315619,20.248610408988693,0.015289068,0.23780484,0.23035713,-0.15866958,37.45398560000001,0.0,0.5885206143896388,1.0,0.7803432998771007,0.7323388161822194,0.20472330729858412,73.7313891646537,High,High priority for tree planting or additional vegetation,150
85.80110214245731,20.24986805038646,0.5160063,-0.10167561,-0.05206021,-0.5153278,37.97523365000001,0.0,0.8350848827809083,1.0,0.26222268535480003,0.21481862853124586,0.748038859244611,73.6144616415078,High,High priority for tree planting or additional vegetation,151
85.80083264787207,20.2494188927444,0.074742965,0.10276039,0.11273228,-0.11824224,37.853893940000034,0.0,0.7776879547291828,1.0,0.5645496819459446,0.5264706163927396,0.1431382902875934,73.49497293786798,High,High priority for tree planting or additional vegetation,152
85.80038349023,20.250047713443283,0.086021505,0.10565502,0.13120174,-0.14772727,37.78211552000002,0.0,0.7437348423605415,1.0,0.5984336069382805,0.530883328408351,0.18805433161308183,73.4779259751048,High,High priority for tree planting or additional vegetation,153
85.80065298481524,20.24986805038646,0.29230767,0.03857569,0.07341185,-0.31860462,37.78211552000002,0.0,0.7437348423605415,1.0,0.4924127325827039,0.4286243987730757,0.44836046371435356,73.4680848844311,High,High priority for tree planting or additional vegetation,154
85.80038349023,20.24995788191487,0.096255325,0.10006192,0.123442836,-0.1641313,37.78211552000002,0.0,0.7437348423605415,1.0,0.5841991831295316,0.522356940035911,0.21304342232740547,73.42903664139239,High,High priority for tree planting or additional vegetation,155
85.80119197398571,20.24896973510234,0.12449045,0.08822783,0.097114496,-0.14972748,37.86072998000003,0.0,0.7809215844785746,1.0,0.5358974191509032,0.5043164888774467,0.19110135293270258,73.42028723972226,High,High priority for tree planting or additional vegetation,156
85.80164113162778,20.24852057746028,0.06287425,0.20935412,0.19419643,-0.16699539,37.51892798000006,0.0,0.6192400970089017,1.0,0.7140031661390074,0.6889671818120952,0.2174064358566411,73.35098657903953,High,High priority for tree planting or additional vegetation,157
85.80092247940048,20.24887990357393,0.16092671,0.22766091,0.19033736,-0.2074243,37.46253065000002,0.0,0.5925626515763853,1.0,0.7069233468903573,0.7168749255307303,0.2789938445282435,73.33941745123666,High,High priority for tree planting or additional vegetation,158
85.80092247940048,20.24879007204552,0.28566968,0.17738713,0.156957,-0.3160754,37.46253065000002,0.0,0.5925626515763853,1.0,0.6456840028891156,0.6402351777646255,0.4445075746367012,73.30956711464155,High,High priority for tree planting or additional vegetation,159
85.80083264787207,20.25031720802852,0.09908974,0.10919055,0.12782732,-0.15812549,37.758189380000005,0.0,0.7324171382376566,1.0,0.5922429227400072,0.5362730589481969,0.2038944674118761,73.25783325183053,High,High priority for tree planting or additional vegetation,160
85.80173096315619,20.24852057746028,0.05708945,0.24428616,0.21473546,-0.14478415,37.45398560000001,0.0,0.5885206143896388,1.0,0.751683907857246,0.7422192494814742,0.18357092767739414,73.18877882113652,High,High priority for tree planting or additional vegetation,161
85.80110214245731,20.24950872427281,0.09549823,-0.032853846,0.021938572,-0.10235027,38.16664277000004,0.0,0.9256265157639472,1.0,0.3979802645591851,0.31973380765202003,0.11892924653680115,73.12512998319438,High,High priority for tree planting or additional vegetation,162
85.80155130009936,20.248700240517103,0.1897999,0.17428316,0.1599581,-0.24358977,37.51892798000006,0.0,0.6192400970089017,1.0,0.6511897971730037,0.635503337869683,0.3340865388573899,73.04094863513284,High,High priority for tree planting or additional vegetation,163
85.80056315328683,20.25031720802852,0.06456841,0.09768535,0.12619768,-0.15432872,37.758189380000005,0.0,0.7324171382376566,1.0,0.5892531981067743,0.5187339833903497,0.19811065514431603,72.97975850407796,High,High priority for tree planting or additional vegetation,164
85.80137163704254,20.24896973510234,0.1185841,0.085118674,0.081484035,-0.15118401,37.86072998000003,0.0,0.7809215844785746,1.0,0.5072218992320948,0.4995767431967863,0.19332015893940546,72.96494504420056,High,High priority for tree planting or additional vegetation,165
85.80056315328683,20.24986805038646,0.25688556,0.01596519,0.06879337,-0.31322634,37.78211552000002,0.0,0.7437348423605415,1.0,0.4839397057644535,0.39415587428843357,0.4401674570686066,72.91437417085345,High,High priority for tree planting or additional vegetation,166
85.80128180551412,20.24852057746028,0.26171294,0.15760109,0.10379745,-0.28823888,37.58728838000002,0.0,0.6515763945028201,1.0,0.548157913613829,0.6100723948012187,0.40210279218683465,72.89141240917257,High,High priority for tree planting or additional vegetation,167
85.80020382717318,20.25031720802852,0.09268623,0.19533381,0.16983482,-0.15785715,37.55823521000002,0.0,0.6378334680678981,1.0,0.6693095494370279,0.6675939526257757,0.2034856914828952,72.88544372467906,High,High priority for tree planting or additional vegetation,168
85.80047332175842,20.250137544971697,0.1342937,0.05898223,0.11004092,-0.21533483,37.758189380000005,0.0,0.7324171382376566,1.0,0.5596121342121518,0.4597331015278502,0.2910443560042879,72.87447073563335,High,High priority for tree planting or additional vegetation,169
85.80065298481524,20.250137544971697,0.24819943,0.055741806,0.08283278,-0.2621849,37.758189380000005,0.0,0.7324171382376566,1.0,0.5096962961237088,0.45479324464787757,0.36241344330798164,72.79002546854392,High,High priority for tree planting or additional vegetation,170
85.80056315328683,20.250047713443283,0.4563107,-0.03468102,0.011181158,-0.45709664,37.78211552000002,0.0,0.7437348423605415,1.0,0.378244798060029,0.3169483764693084,0.659332380431765,72.74852481072742,High,High priority for tree planting or additional vegetation,171
85.80020382717318,20.250407039556933,0.09788866,0.16577542,0.17025201,-0.15245129,37.57703432000002,0.0,0.646725949878729,1.0,0.6700749229058545,0.6225337332833639,0.195250670824622,72.63074638102952,High,High priority for tree planting or additional vegetation,172
85.80020382717318,20.250496871085343,0.08883082,0.1798278,0.16779557,-0.14099936,37.57703432000002,0.0,0.646725949878729,1.0,0.6655683575429162,0.6439558515070873,0.17780536515131584,72.60291602608963,High,High priority for tree planting or additional vegetation,173
85.80110214245731,20.24887990357393,0.1450285,0.21340002,0.1780276,-0.19261216,37.46253065000002,0.0,0.5925626515763853,1.0,0.6843399587180091,0.6951349447192582,0.2564297605724557,72.55762598097883,High,High priority for tree planting or additional vegetation,174
85.80020382717318,20.25067653414217,0.11860462,0.093521796,0.12886144,-0.21311475,37.65564878000001,0.0,0.6839126919967521,1.0,0.594140111099227,0.5123868631147197,0.28766239556450235,72.42997501318318,High,High priority for tree planting or additional vegetation,175
85.80020382717318,20.25058670261376,0.09206753,0.1504337,0.1635347,-0.16558993,37.57703432000002,0.0,0.646725949878729,1.0,0.6577513991975128,0.5991460836755921,0.21526542737059506,72.41216459478643,High,High priority for tree planting or additional vegetation,176
85.80110214245731,20.24852057746028,0.1980198,0.23093218,0.18954812,-0.24145007,37.35828104000001,0.0,0.543249797898126,1.0,0.7054754134390842,0.7218618055241349,0.3308270253475122,72.40651344724652,High,High priority for tree planting or additional vegetation,177
85.80047332175842,20.250047713443283,0.16287452,0.031156125,0.08582879,-0.22992617,37.78211552000002,0.0,0.7437348423605415,1.0,0.5151927523339221,0.417313660051336,0.3132720841237524,72.34579399757597,High,High priority for tree planting or additional vegetation,178
85.80047332175842,20.24995788191487,0.113211885,0.049606316,0.10339025,-0.17928678,37.78211552000002,0.0,0.7437348423605415,1.0,0.5474108677198571,0.4454400110931009,0.23613053351527313,72.33891373269785,High,High priority for tree planting or additional vegetation,179
85.80164113162778,20.24896973510234,0.110860355,0.106624335,0.1325811,-0.22526446,37.61463254,0.0,0.6645109135003875,1.0,0.6009641698663482,0.5323609984205502,0.3061706648948269,72.33510658616062,High,High priority for tree planting or additional vegetation,180
85.80137163704254,20.248700240517103,0.25058687,0.10706055,0.11082767,-0.2876133,37.58728838000002,0.0,0.6515763945028201,1.0,0.561055499529152,0.5330259853694486,0.4011498144509329,72.3048823262257,High,High priority for tree planting or additional vegetation,181
85.8010123109289,20.24879007204552,0.17850852,0.18974565,0.1667114,-0.21012965,37.46253065000002,0.0,0.5925626515763853,1.0,0.6635793478502159,0.6590750950249222,0.28311504136609333,72.15247112895496,High,High priority for tree planting or additional vegetation,182
85.80146146857095,20.248700240517103,0.23136497,0.16131869,0.13167997,-0.24665141,37.51892798000006,0.0,0.6192400970089017,1.0,0.5993109639075197,0.6157396815319015,0.3387504903189882,72.11176908738875,High,High priority for tree planting or additional vegetation,183
85.80056315328683,20.250496871085343,0.124539405,0.10446008,0.12784716,-0.18111454,37.65735779000002,0.0,0.6847210994341068,1.0,0.5922793210468256,0.5290617048861963,0.23891485300530169,72.10558837764057,High,High priority for tree planting or additional vegetation,184
85.80146146857095,20.24896973510234,0.09083117,0.19097555,0.1496279,-0.08803415,37.61463254,0.0,0.6645109135003875,1.0,0.6322380940936594,0.6609500132383037,0.0971207749991887,71.99960669879144,High,High priority for tree planting or additional vegetation,185
85.80065298481524,20.249149398159165,0.21269843,0.089753754,0.11735973,-0.26107293,37.59583343000003,0.0,0.6556184316895667,1.0,0.5730391650551304,0.5066426801936804,0.36071952302122245,71.93776245866299,High,High priority for tree planting or additional vegetation,186
85.80047332175842,20.250227376500103,0.083808,0.07532105,0.10229729,-0.15125325,37.758189380000005,0.0,0.7324171382376566,1.0,0.5454057319627952,0.4846407779268755,0.19342563574242644,71.93426426326465,High,High priority for tree planting or additional vegetation,187
85.80074281634366,20.250407039556933,0.17596795,0.078468286,0.09472565,-0.2493617,37.65735779000002,0.0,0.6847210994341068,1.0,0.5315148612048537,0.48943857457555406,0.3428792125093356,71.8375337719449,High,High priority for tree planting or additional vegetation,188
85.80110214245731,20.24879007204552,0.14494024,0.17382154,0.16066556,-0.21510369,37.46253065000002,0.0,0.5925626515763853,1.0,0.6524876976841761,0.6347996223272315,0.290692248721644,71.81911372304295,High,High priority for tree planting or additional vegetation,189
85.80056315328683,20.250407039556933,0.096412,0.11382914,0.123827845,-0.1535696,37.65735779000002,0.0,0.6847210994341068,1.0,0.584905517590711,0.5433443467564814,0.1969542491548697,71.71820170599737,High,High priority for tree planting or additional vegetation,190
85.80038349023,20.250137544971697,0.0653288,0.048073217,0.1105861,-0.14659928,37.758189380000005,0.0,0.7324171382376566,1.0,0.560612317120982,0.4431028818646946,0.18633600724798083,71.67608779507117,High,High priority for tree planting or additional vegetation,191
85.80065298481524,20.24923922968757,0.13808176,0.10712122,0.12068966,-0.21995592,37.59583343000003,0.0,0.6556184316895667,1.0,0.5791482282518742,0.5331184736107738,0.29808389672745494,71.6678000778474,High,High priority for tree planting or additional vegetation,192
85.80083264787207,20.24923922968757,0.06329803,0.12847917,0.14879265,-0.13646923,37.59583343000003,0.0,0.6556184316895667,1.0,0.6307057510608988,0.5656775511418662,0.17090438840854716,71.49495861210463,High,High priority for tree planting or additional vegetation,193
85.80146146857095,20.24923922968757,0.08485857,0.019253923,0.06766396,-0.14385965,37.86072998000003,0.0,0.7809215844785746,1.0,0.4818676991261654,0.3991693757118408,0.18216258994786105,71.46898267784672,High,High priority for tree planting or additional vegetation,194
85.80011399564478,20.250407039556933,0.06884906,0.10933101,0.15322472,-0.15626758,37.57703432000002,0.0,0.646725949878729,1.0,0.6388367915699761,0.5364871828706715,0.20106421889800175,71.35984438759823,High,High priority for tree planting or additional vegetation,195
85.80029365870159,20.250407039556933,0.072152674,0.14299333,0.14178458,-0.13653603,37.57703432000002,0.0,0.646725949878729,1.0,0.6178488013600932,0.5878036288196713,0.1710061482358407,71.25760828731838,High,High priority for tree planting or additional vegetation,196
85.80164113162778,20.248700240517103,0.10319477,0.14654422,0.15895319,-0.15205194,37.51892798000006,0.0,0.6192400970089017,1.0,0.6493461972483687,0.5932167748760289,0.1946423207193877,71.19598682494676,High,High priority for tree planting or additional vegetation,197
85.80029365870159,20.25031720802852,0.08776268,0.15547024,0.14420384,-0.13256112,37.55823521000002,0.0,0.6378334680678981,1.0,0.6222871565895887,0.6068240254419344,0.16495096627315997,71.1870613080317,High,High priority for tree planting or additional vegetation,198
85.8010123109289,20.24887990357393,0.13384956,0.1795077,0.15762472,-0.16576628,37.46253065000002,0.0,0.5925626515763853,1.0,0.6469089967111268,0.6434678758016612,0.21553407026794857,71.07053395865456,High,High priority for tree planting or additional vegetation,199
85.80038349023,20.250227376500103,0.048429787,0.05571648,0.10123604,-0.11128935,37.758189380000005,0.0,0.7324171382376566,1.0,0.543458771120512,0.4547546364856919,0.1325466003835446,70.99740808262976,High,High priority for tree planting or additional vegetation,200
85.80200045774143,20.24852057746028,0.09447642,0.24871908,0.2291707,-0.20639397,37.197634100000016,0.0,0.4672594987873773,1.0,0.7781666847985518,0.7489770041334485,0.27742429059328433,70.95429818286692,High,High priority for tree planting or additional vegetation,201
85.80029365870159,20.25058670261376,0.097553015,0.15963027,0.13358836,-0.11243384,37.57703432000002,0.0,0.646725949878729,1.0,0.6028120810823653,0.6131657735639062,0.1342900600353275,70.91851804858969,High,High priority for tree planting or additional vegetation,202
85.80146146857095,20.248610408988693,0.36569577,0.06467864,0.079199314,-0.3585016,37.51892798000006,0.0,0.6192400970089017,1.0,0.5030303681861187,0.4684169805910979,0.5091375564438568,70.89820380340838,High,High priority for tree planting or additional vegetation,203
85.80011399564478,20.25067653414217,0.1611934,0.021168815,0.08805103,-0.2552204,37.65564878000001,0.0,0.6839126919967521,1.0,0.519269656232302,0.40208852839698467,0.35180406730221314,70.84535156037906,High,High priority for tree planting or additional vegetation,204
85.80164113162778,20.248610408988693,0.08741067,0.13981304,0.15313132,-0.14335257,37.51892798000006,0.0,0.6192400970089017,1.0,0.6386654406699342,0.5829554430770623,0.18139012927085552,70.80064024379524,High,High priority for tree planting or additional vegetation,205
85.80029365870159,20.250496871085343,0.059710473,0.15427199,0.13739583,-0.09846827,37.57703432000002,0.0,0.646725949878729,1.0,0.6097972353798147,0.6049973559979271,0.11301559908839953,70.72886657792236,High,High priority for tree planting or additional vegetation,206
85.80083264787207,20.249149398159165,0.03991863,0.10679186,0.13925028,-0.11626639,37.59583343000003,0.0,0.6556184316895667,1.0,0.6131993946579981,0.5326163815197427,0.14012837779121923,70.59399146366658,High,High priority for tree planting or additional vegetation,207
85.80173096315619,20.24896973510234,0.120042905,0.13242008,0.15961257,-0.20114945,37.43347748000002,0.0,0.5788197251414633,1.0,0.6505558905724533,0.5716852622861032,0.26943504733823753,70.53413320907411,High,High priority for tree planting or additional vegetation,208
85.80074281634366,20.249059566630752,0.17129388,0.07679604,0.0987282,-0.2152174,37.59583343000003,0.0,0.6556184316895667,1.0,0.5388579077247885,0.48688932302448956,0.29086546893064913,70.52896948611021,High,High priority for tree planting or additional vegetation,209
85.80056315328683,20.25058670261376,0.10694925,0.06455644,0.09391435,-0.17345874,37.65735779000002,0.0,0.6847210994341068,1.0,0.5300264566523502,0.46823069308343446,0.22725238465510234,70.44686061019382,High,High priority for tree planting or additional vegetation,210
85.80119197398571,20.248251082875043,0.19988985,0.22455518,0.19936283,-0.24336663,37.20447014000001,0.0,0.47049312853676917,1.0,0.7234814026483805,0.7121404026078544,0.33374661838041,70.42588510571144,High,High priority for tree planting or additional vegetation,211
85.80200045774143,20.24843074593187,0.13697217,0.31778154,0.2684958,-0.20688713,37.00280696000004,0.0,0.37510105092966933,1.0,0.8503122017067944,0.8542591117153072,0.27817554622843466,70.3320611329294,High,High priority for tree planting or additional vegetation,212
85.80191062621302,20.248700240517103,0.0030903725,0.17947955,0.18233894,-0.078998856,37.45398560000001,0.0,0.5885206143896388,1.0,0.6922495089255657,0.6434249625992003,0.08335685348742694,70.30717922643892,High,High priority for tree planting or additional vegetation,213
85.80020382717318,20.250227376500103,0.28724948,0.041522488,0.07895518,-0.30506477,37.55823521000002,0.0,0.6378334680678981,1.0,0.5025824818838619,0.43311663817575563,0.4277345236308293,70.28225288836072,High,High priority for tree planting or additional vegetation,214
85.80173096315619,20.24887990357393,0.090668775,0.19303736,0.16412447,-0.11573826,37.43347748000002,0.0,0.5788197251414633,1.0,0.6588333865670801,0.6640931347291014,0.13932385058181063,70.28126240585921,High,High priority for tree planting or additional vegetation,215
85.80065298481524,20.25058670261376,0.33700138,0.025270768,0.026333751,-0.322449,37.65735779000002,0.0,0.6847210994341068,1.0,0.4060436251319301,0.40834174117049044,0.4542168027091208,70.25787279879827,High,High priority for tree planting or additional vegetation,216
85.80155130009936,20.248610408988693,0.21674615,0.06609724,0.10470288,-0.26188514,37.51892798000006,0.0,0.6192400970089017,1.0,0.5498190083185909,0.470579562083498,0.3619568036997558,70.14985169287846,High,High priority for tree planting or additional vegetation,217
85.80173096315619,20.24879007204552,0.07692307,0.18769471,0.17029513,-0.099920906,37.43347748000002,0.0,0.5788197251414633,1.0,0.6701540305162377,0.65594854428051,0.11522847316744544,70.12867238646702,High,High priority for tree planting or additional vegetation,218
85.8010123109289,20.24852057746028,0.27744028,0.18899459,0.14001065,-0.21870172,37.35828104000001,0.0,0.543249797898126,1.0,0.6145943634359929,0.6579301433432064,0.2961733102694989,70.05744392461072,High,High priority for tree planting or additional vegetation,219
85.80011399564478,20.250496871085343,0.09188927,0.06972857,0.119705774,-0.1689402,37.57703432000002,0.0,0.646725949878729,1.0,0.5773431987910772,0.4761153347120031,0.22036906354703933,70.02677046081844,High,High priority for tree planting or additional vegetation,220
85.80083264787207,20.250407039556933,0.19232637,0.02424483,0.061725304,-0.23833546,37.65735779000002,0.0,0.6847210994341068,1.0,0.4709726878773641,0.4067777523567656,0.32608238199891193,69.93482464474044,High,High priority for tree planting or additional vegetation,221
85.80011399564478,20.25058670261376,0.13310285,0.036737714,0.09070372,-0.21220529,37.57703432000002,0.0,0.646725949878729,1.0,0.5241362602904563,0.42582250050642145,0.2862769690296174,69.38481709607909,High,High priority for tree planting or additional vegetation,222
85.8018207946846,20.248700240517103,0.05198897,0.12740931,0.1444759,-0.13082135,37.45398560000001,0.0,0.5885206143896388,1.0,0.6227862757102027,0.5640466055367208,0.1623006864119273,69.26088548682867,High,High priority for tree planting or additional vegetation,223
85.80173096315619,20.249059566630752,0.19136612,0.0931677,0.12432432,-0.2579211,37.39246123999999,0.0,0.5594179466450853,1.0,0.5858163466924048,0.5118470622856398,0.35591818055927094,69.24743602818772,High,High priority for tree planting or additional vegetation,224
85.80218012079824,20.24852057746028,0.09454006,0.1488518,0.19970049,-0.24384357,37.197634100000016,0.0,0.4672594987873773,1.0,0.7241008710092807,0.596734559875488,0.3344731652670768,69.19137528018618,High,High priority for tree planting or additional vegetation,225
85.80011399564478,20.25031720802852,0.06934671,0.06379235,0.11111111,-0.14933836,37.55823521000002,0.0,0.6378334680678981,1.0,0.5615754963076083,0.46706587784832376,0.1905085867052111,69.13438113218642,High,High priority for tree planting or additional vegetation,226
85.80038349023,20.25031720802852,0.038770013,-0.0016113231,0.07032161,-0.09610295,37.758189380000005,0.0,0.7324171382376566,1.0,0.48674340276102446,0.36736139950273733,0.10941238719178603,69.04140305549029,High,High priority for tree planting or additional vegetation,227
85.80083264787207,20.249059566630752,0.053276744,0.077240825,0.10404211,-0.09751904,37.59583343000003,0.0,0.6556184316895667,1.0,0.5486067649115185,0.48756737449008747,0.111569588895858,68.88902405821923,High,High priority for tree planting or additional vegetation,228
85.80119197398571,20.248700240517103,0.3380561,-0.015702311,0.0243035,-0.33881485,37.58728838000002,0.0,0.6515763945028201,1.0,0.40231894273192415,0.34588042555506054,0.4791477318934134,68.83235755054821,High,High priority for tree planting or additional vegetation,229
85.80200045774143,20.24887990357393,0.25859246,0.1672983,0.14911184,-0.31266,37.17370796,0.0,0.4559417946644924,1.0,0.631291334506127,0.6248552841808307,0.43930472262864584,68.78922392562144,High,High priority for tree planting or additional vegetation,230
85.80074281634366,20.249149398159165,0.10796377,0.030081294,0.08552631,-0.16989458,37.59583343000003,0.0,0.6556184316895667,1.0,0.5146378249223096,0.4156751364167259,0.22182291899572704,68.76310087864617,High,High priority for tree planting or additional vegetation,231
85.80047332175842,20.25058670261376,0.025460936,0.034710746,0.09111907,-0.09774437,37.65735779000002,0.0,0.6847210994341068,1.0,0.5248982581098601,0.42273249382202327,0.11191284551088843,68.76156024800024,High,High priority for tree planting or additional vegetation,232
85.80209028926984,20.24852057746028,0.11390667,0.17625171,0.19015169,-0.20217231,37.197634100000016,0.0,0.4672594987873773,1.0,0.7065827181793215,0.638504289368953,0.270993221843408,68.71150084843474,High,High priority for tree planting or additional vegetation,233
85.80029365870159,20.250227376500103,0.10323088,0.06832299,0.09368771,-0.14566284,37.55823521000002,0.0,0.6378334680678981,1.0,0.5296106647038977,0.473972601528521,0.18490948071099433,68.66798483499055,High,High priority for tree planting or additional vegetation,234
85.80074281634366,20.24923922968757,0.062020883,0.051452287,0.099492885,-0.11159738,37.59583343000003,0.0,0.6556184316895667,1.0,0.5402607927675978,0.44825409731903304,0.13301583810212558,68.58516419641255,High,High priority for tree planting or additional vegetation,235
85.80119197398571,20.248340914403457,0.15409482,0.23267059,0.16413055,-0.17434211,37.20447014000001,0.0,0.47049312853676917,1.0,0.6588445408869116,0.7245119206321311,0.22859806697001606,68.52856184542823,High,High priority for tree planting or additional vegetation,236
85.80020382717318,20.249778218858047,0.18737803,0.066257335,0.09674233,-0.26166612,37.41638738,0.0,0.5707356507679702,1.0,0.5352146463557755,0.47082361853635707,0.36162315942769263,68.47475699801623,High,High priority for tree planting or additional vegetation,237
85.80047332175842,20.25031720802852,0.04137134,-0.009749079,0.052391797,-0.09840056,37.758189380000005,0.0,0.7324171382376566,1.0,0.4538495098795535,0.35495581632283457,0.11291245301196173,68.45893948867096,High,High priority for tree planting or additional vegetation,238
85.80020382717318,20.24986805038646,0.15407264,0.10251843,0.114511184,-0.17875043,37.43005946000002,0.0,0.577202910266764,1.0,0.5678132451310385,0.5261017610297753,0.2353134843630449,68.4474384388967,High,High priority for tree planting or additional vegetation,239
85.80128180551412,20.248700240517103,0.298893,0.0,0.025917292,-0.29411766,37.58728838000002,0.0,0.6515763945028201,1.0,0.4052795927499123,0.369817777279656,0.4110582358619287,68.43524585774912,High,High priority for tree planting or additional vegetation,240
85.80047332175842,20.250496871085343,0.05932356,0.0161184,0.07968426,-0.112102635,37.65735779000002,0.0,0.6847210994341068,1.0,0.5039200462757506,0.39438943491894995,0.13378551866408894,68.38218321298986,High,High priority for tree planting or additional vegetation,241
85.80011399564478,20.250137544971697,0.3811966,-0.060135584,0.008888183,-0.4048102,37.55823521000002,0.0,0.6378334680678981,1.0,0.3740381242910448,0.27814422519092485,0.5796817950396974,68.32383610870883,High,High priority for tree planting or additional vegetation,242
85.8010123109289,20.24896973510234,0.07944149,0.08340146,0.11431362,-0.14885986,37.46253065000002,0.0,0.5925626515763853,1.0,0.5674507957818326,0.49695894028201787,0.18977966339143992,68.15602752075361,High,High priority for tree planting or additional vegetation,243
85.80011399564478,20.250227376500103,0.15341328,0.012774867,0.06962351,-0.20871793,37.55823521000002,0.0,0.6378334680678981,1.0,0.48546267403169774,0.3892923937621552,0.2809644967046153,68.1195130571801,High,High priority for tree planting or additional vegetation,244
85.80173096315619,20.249329061215988,0.13246901,0.09053869,0.11809684,-0.20878458,37.37708014999998,0.0,0.5521422797089469,1.0,0.5743914612214017,0.5078392740653275,0.2810660280293026,68.06919333053574,High,High priority for tree planting or additional vegetation,245
85.80002416411637,20.250407039556933,0.17735302,0.025825785,0.09450434,-0.26225683,37.43347748000002,0.0,0.5788197251414633,1.0,0.5311088476321746,0.4091878355538031,0.3625230179244071,68.04833300350863,High,High priority for tree planting or additional vegetation,246
85.80092247940048,20.24896973510234,0.10962431,0.10278816,0.10022605,-0.13146156,37.46253065000002,0.0,0.5925626515763853,1.0,0.5416058514681232,0.5265129503050786,0.16327595076868695,67.79885633005105,High,High priority for tree planting or additional vegetation,247
85.8010123109289,20.248610408988693,0.33244506,0.07106362,0.06985769,-0.31406045,37.35828104000001,0.0,0.543249797898126,1.0,0.48589229880441465,0.4781505485999411,0.44143809912764476,67.78176489628586,High,High priority for tree planting or additional vegetation,248
85.80110214245731,20.24896973510234,0.12449045,0.08822783,0.097114496,-0.14972748,37.46253065000002,0.0,0.5925626515763853,1.0,0.5358974191509032,0.5043164888774467,0.19110135293270258,67.76951925265658,High,High priority for tree planting or additional vegetation,249
85.80173096315619,20.24923922968757,0.17745952,0.09304557,0.09940449,-0.20561044,37.39246123999999,0.0,0.5594179466450853,1.0,0.5400986240009041,0.5116608814893145,0.2762306996130559,67.76293357038982,High,High priority for tree planting or additional vegetation,250
